,average,stdev,low,high,F-value,p-value,Variance,TargetCorrelation,RFE LGBMRegressor,FeatureImportance LGBMRegressor
FullBath*GarageYrBlt,39.0,25.93067681338071,6.0,79.0,45.0,45.0,79.0,44.0,15.0,6.0
GarageCars*TotalSF,49.666666666666664,103.77989529126856,1.0,261.0,1.0,3.0,261.0,1.0,18.0,14.0
GarageYrBlt*GarageCars,52.0,23.469128658729534,31.0,85.0,32.0,32.0,62.0,31.0,85.0,70.0
TotRmsAbvGrd*GarageArea,52.833333333333336,78.96180511276744,19.0,214.0,21.0,21.0,214.0,20.0,22.0,19.0
BedroomAbvGr*GarageArea,55.666666666666664,45.337254732357444,8.0,134.0,60.0,60.0,134.0,59.0,8.0,13.0
FullBath*GarageArea,57.833333333333336,63.31324242736796,14.0,162.0,15.0,15.0,162.0,14.0,30.0,111.0
TotRmsAbvGrd*GarageYrBlt,61.0,17.663521732655695,35.0,89.0,64.0,64.0,89.0,62.0,35.0,52.0
GarageYrBlt*TotalSF,61.5,114.82987416173546,3.0,294.0,4.0,4.0,294.0,3.0,39.0,25.0
1stFlrSF*FullBath,65.66666666666667,104.57660668938664,2.0,278.0,30.0,30.0,278.0,29.0,2.0,25.0
GrLivArea*GarageCars,66.33333333333333,101.8914455028815,5.0,268.0,6.0,6.0,268.0,5.0,55.0,58.0
GarageArea*TotalSF,70.83333333333333,152.66095331376212,4.0,382.0,5.0,5.0,382.0,4.0,4.0,25.0
1stFlrSF*GarageCars,73.16666666666667,81.45284934651868,12.0,219.0,13.0,13.0,219.0,12.0,103.0,79.0
FullBath*TotalSF,74.5,121.71400905401153,9.0,318.0,10.0,10.0,318.0,9.0,72.0,28.0
LotFrontage*GarageCars,76.16666666666667,92.03568148640322,37.0,264.0,38.0,38.0,264.0,37.0,38.0,42.0
GrLivArea*TotalSF,80.5,169.78074095727112,7.0,427.0,11.0,11.0,427.0,10.0,7.0,17.0
GrLivArea*FullBath,80.66666666666667,110.23369115958454,25.0,303.0,29.0,29.0,303.0,28.0,25.0,70.0
TotRmsAbvGrd*TotalSF,82.83333333333333,133.91253364292183,18.0,354.0,19.0,19.0,354.0,18.0,62.0,25.0
1stFlrSF*GrLivArea,83.16666666666667,163.69656889094122,4.0,417.0,22.0,22.0,417.0,21.0,13.0,4.0
TotalBsmtSF*FullBath,84.83333333333333,114.94592931751289,17.0,313.0,18.0,18.0,313.0,17.0,64.0,79.0
GrLivArea,87.16666666666667,113.60355041400187,24.0,311.0,25.0,25.0,311.0,24.0,101.0,37.0
1stFlrSF,87.16666666666667,94.82914460579441,28.0,279.0,59.0,59.0,279.0,58.0,40.0,28.0
1stFlrSF*TotRmsAbvGrd,87.16666666666667,121.89243892328459,17.0,335.0,41.0,41.0,335.0,40.0,49.0,17.0
GarageArea,87.33333333333333,72.0018518280375,42.0,222.0,43.0,43.0,117.0,42.0,57.0,222.0
TotalSF,92.5,129.7069774530268,2.0,336.0,2.0,3.0,336.0,2.0,112.0,100.0
TotalBsmtSF*TotRmsAbvGrd,93.66666666666667,142.06008118633,6.0,376.0,27.0,27.0,376.0,26.0,6.0,100.0
BedroomAbvGr*TotalSF,95.66666666666667,87.52294937138868,9.0,266.0,74.0,74.0,266.0,72.0,9.0,79.0
GrLivArea*TotRmsAbvGrd,95.83333333333333,112.0489476374797,25.0,321.0,48.0,48.0,321.0,47.0,86.0,25.0
KitchenAbvGr*GarageArea,98.66666666666667,17.862437310363518,87.0,134.0,90.0,90.0,91.0,87.0,134.0,100.0
1stFlrSF*GarageArea,99.0,130.01538370516005,23.0,352.0,24.0,24.0,352.0,23.0,46.0,125.0
TotalBsmtSF*GarageArea,100.16666666666667,146.64435436342808,19.0,393.0,20.0,20.0,393.0,19.0,97.0,52.0
LotFrontage*FullBath,100.5,117.77223781519989,33.0,339.0,51.0,51.0,339.0,50.0,33.0,79.0
Fireplaces*TotalSF,102.5,131.99204521485376,21.0,370.0,61.0,61.0,370.0,60.0,21.0,42.0
BsmtUnfSF*GarageCars,103.5,51.63235419773149,47.0,151.0,151.0,151.0,72.0,148.0,47.0,52.0
TotalBsmtSF*GrLivArea,105.0,168.1737197067366,8.0,440.0,9.0,9.0,440.0,8.0,94.0,70.0
GarageYrBlt*GarageArea,105.16666666666667,75.54976284983738,41.0,199.0,42.0,42.0,115.0,41.0,192.0,199.0
TotalBsmtSF*GarageYrBlt,105.16666666666667,97.92531167510607,33.0,283.0,34.0,34.0,283.0,33.0,136.0,111.0
GrLivArea*GarageYrBlt,106.0,107.57509005341339,15.0,272.0,16.0,16.0,272.0,15.0,146.0,171.0
LotFrontage*TotalSF,106.0,171.83596829534847,20.0,454.0,28.0,28.0,454.0,27.0,20.0,79.0
1stFlrSF*BedroomAbvGr,106.16666666666667,74.2251080609969,26.0,241.0,107.0,107.0,241.0,104.0,26.0,52.0
LotFrontage*GarageArea,107.0,138.9201209328584,37.0,389.0,46.0,46.0,389.0,45.0,79.0,37.0
1stFlrSF*TotalSF,107.16666666666667,158.06507098871234,25.0,426.0,26.0,26.0,426.0,25.0,53.0,87.0
GrLivArea*GarageArea,107.83333333333333,137.1705750759494,7.0,358.0,8.0,8.0,358.0,7.0,141.0,125.0
GarageCars*GarageArea,108.66666666666667,91.62896194253577,35.0,223.0,36.0,36.0,100.0,35.0,223.0,222.0
TotalBsmtSF*TotalSF,109.0,167.10475756243446,22.0,446.0,23.0,23.0,446.0,22.0,88.0,52.0
Fireplaces*GarageArea,110.33333333333333,92.47414052948353,51.0,290.0,52.0,52.0,290.0,51.0,117.0,100.0
GrLivArea*BedroomAbvGr,110.66666666666667,67.98136999698274,44.0,242.0,101.0,101.0,242.0,98.0,78.0,44.0
TotalBsmtSF*GarageCars,111.5,112.12448439123365,11.0,244.0,12.0,12.0,244.0,11.0,168.0,222.0
BsmtUnfSF*GarageArea,115.16666666666667,44.16974832016441,66.0,156.0,156.0,156.0,73.0,153.0,66.0,87.0
TotalBsmtSF*BedroomAbvGr,115.5,79.23320011207423,74.0,276.0,77.0,77.0,276.0,74.0,89.0,100.0
KitchenAbvGr*TotalSF,116.5,72.87454974131916,60.0,259.0,86.0,86.0,259.0,83.0,60.0,125.0
TotalBsmtSF,118.16666666666667,104.23323206476266,46.0,312.0,47.0,47.0,312.0,46.0,104.0,153.0
1stFlrSF*GarageYrBlt,118.33333333333333,85.270549820361,43.0,237.0,44.0,44.0,237.0,43.0,171.0,171.0
MasVnrArea*GarageArea,118.66666666666667,73.58985437318562,70.0,267.0,99.0,99.0,267.0,96.0,81.0,70.0
GrLivArea*Fireplaces,119.16666666666667,112.75888730679576,56.0,346.0,68.0,68.0,346.0,66.0,56.0,111.0
TotRmsAbvGrd*GarageCars,122.33333333333333,133.53002159314838,16.0,315.0,17.0,17.0,111.0,16.0,315.0,258.0
LotFrontage*TotRmsAbvGrd,122.66666666666667,134.44949485463553,29.0,394.0,82.0,82.0,394.0,79.0,29.0,70.0
LotArea*GrLivArea,123.0,181.82079089037097,1.0,487.0,80.0,80.0,487.0,77.0,1.0,13.0
LotFrontage*1stFlrSF,123.16666666666667,159.33664571173406,32.0,447.0,70.0,70.0,447.0,68.0,32.0,52.0
KitchenQual,123.33333333333333,165.38883477026698,39.0,458.0,40.0,40.0,458.0,39.0,93.0,70.0
LotArea*GarageCars,126.5,167.22529712935182,24.0,466.0,67.0,67.0,466.0,65.0,24.0,70.0
LotFrontage*TotalBsmtSF,126.83333333333333,163.8919359415425,53.0,461.0,54.0,54.0,461.0,53.0,69.0,70.0
Fireplaces*GarageYrBlt,127.33333333333333,28.28898489989817,100.0,161.0,103.0,103.0,144.0,100.0,161.0,153.0
BsmtQual,129.83333333333334,128.47788395932844,54.0,385.0,55.0,55.0,385.0,54.0,119.0,111.0
LotArea*GarageArea,132.0,165.89876431125097,33.0,469.0,76.0,76.0,469.0,73.0,65.0,33.0
GarageFinish,132.5,120.71909542404632,57.0,369.0,58.0,58.0,369.0,57.0,121.0,132.0
LotArea*FullBath,133.33333333333334,171.93099390937826,25.0,481.0,83.0,83.0,481.0,80.0,48.0,25.0
LotFrontage*GrLivArea,133.83333333333334,155.453422820685,38.0,439.0,39.0,39.0,439.0,38.0,137.0,111.0
LotArea*TotalSF,135.5,182.60640733555874,33.0,507.0,72.0,72.0,507.0,70.0,59.0,33.0
BsmtFinSF1*GrLivArea,135.66666666666666,159.92831727579286,10.0,456.0,88.0,88.0,456.0,85.0,10.0,87.0
LotArea*TotalBsmtSF,139.0,184.9659428111024,37.0,515.0,78.0,78.0,515.0,75.0,51.0,37.0
BsmtUnfSF*FullBath,139.16666666666666,68.07471385666389,66.0,202.0,202.0,202.0,66.0,199.0,87.0,79.0
BedroomAbvGr*GarageYrBlt,139.83333333333334,95.63977554692748,43.0,228.0,228.0,228.0,57.0,225.0,43.0,58.0
HeatingQC,139.83333333333334,59.757565769253574,87.0,254.0,116.0,116.0,254.0,113.0,153.0,87.0
BsmtFinSF1*GarageCars,140.83333333333334,82.13018121657024,89.0,296.0,92.0,92.0,296.0,89.0,105.0,171.0
LotArea*TotRmsAbvGrd,141.33333333333334,171.14983688764258,12.0,475.0,117.0,117.0,475.0,114.0,12.0,13.0
GrLivArea*WoodDeckSF,142.16666666666666,70.12393790045356,37.0,258.0,143.0,143.0,258.0,140.0,37.0,132.0
LotFrontage*GarageYrBlt,142.66666666666666,87.50923760761869,87.0,320.0,115.0,115.0,320.0,112.0,107.0,87.0
FireplaceQu,145.83333333333334,130.06831538336561,5.0,313.0,85.0,85.0,5.0,82.0,305.0,313.0
GarageYrBlt,146.5,109.72830081615226,35.0,247.0,247.0,247.0,35.0,244.0,36.0,70.0
Fireplaces*GarageCars,147.66666666666666,112.63332840090746,52.0,313.0,53.0,53.0,177.0,52.0,238.0,313.0
FullBath*WoodDeckSF,149.83333333333334,16.179204760020397,123.0,171.0,149.0,149.0,161.0,146.0,123.0,171.0
BsmtExposure,151.33333333333334,119.93442652827697,9.0,259.0,259.0,259.0,9.0,256.0,92.0,33.0
MasVnrArea*GarageCars,152.66666666666666,59.69477922454079,97.0,225.0,100.0,100.0,195.0,97.0,225.0,199.0
LotArea*1stFlrSF,153.33333333333334,175.4191171641981,42.0,508.0,102.0,102.0,508.0,99.0,67.0,42.0
BsmtUnfSF*GrLivArea,155.5,22.241852440837746,120.0,171.0,170.0,170.0,135.0,167.0,120.0,171.0
GrLivArea*BsmtFinSF,156.0,145.72302494801568,86.0,452.0,89.0,89.0,452.0,86.0,95.0,125.0
MasVnrArea*BsmtUnfSF,157.16666666666666,65.72493184984421,58.0,211.0,211.0,211.0,156.0,208.0,99.0,58.0
LotFrontage*Fireplaces,157.33333333333334,109.0883434041725,92.0,374.0,95.0,95.0,374.0,92.0,135.0,153.0
BedroomAbvGr*GarageCars,158.33333333333334,149.59500882939466,55.0,356.0,56.0,56.0,81.0,55.0,346.0,356.0
ExterQual,158.83333333333334,175.43251314014364,30.0,476.0,31.0,31.0,476.0,30.0,163.0,222.0
BsmtUnfSF*WoodDeckSF,161.0,94.44575162494075,68.0,248.0,248.0,248.0,70.0,245.0,68.0,87.0
GarageCars*BsmtFinSF,161.16666666666666,82.19347094913722,91.0,292.0,94.0,94.0,292.0,91.0,197.0,199.0
BsmtUnfSF*1stFlrSF,162.5,90.8509768797232,27.0,238.0,238.0,238.0,84.0,235.0,27.0,153.0
BsmtUnfSF*TotalSF,163.33333333333334,39.297158506266925,105.0,207.0,182.0,182.0,105.0,179.0,207.0,125.0
FullBath*BsmtFinSF,163.5,90.85978208206313,107.0,343.0,110.0,110.0,343.0,107.0,158.0,153.0
MasVnrArea,163.66666666666666,19.43879282946003,150.0,199.0,154.0,154.0,174.0,151.0,150.0,199.0
GarageCars*OpenPorchSF,164.16666666666666,69.96403838163336,109.0,275.0,112.0,112.0,224.0,109.0,275.0,153.0
BsmtUnfSF*Fireplaces,164.66666666666666,42.6927003908943,125.0,235.0,144.0,144.0,125.0,141.0,235.0,199.0
BsmtFinType1,166.0,119.824872209404,4.0,272.0,272.0,272.0,4.0,269.0,109.0,70.0
BsmtFinSF1*FullBath,166.16666666666666,94.68773239795463,102.0,347.0,105.0,105.0,347.0,102.0,185.0,153.0
TotalBsmtSF*1stFlrSF,167.66666666666666,151.23183086462544,48.0,425.0,49.0,49.0,425.0,48.0,236.0,199.0
LotArea*MasVnrArea,168.66666666666666,144.24238859179596,45.0,450.0,147.0,147.0,450.0,144.0,45.0,79.0
BsmtFinSF1*BsmtUnfSF,169.0,100.72139792516782,34.0,334.0,183.0,183.0,334.0,180.0,34.0,100.0
MasVnrArea*FullBath,170.0,59.98999916652775,117.0,255.0,120.0,120.0,255.0,117.0,186.0,222.0
TotalBsmtSF*KitchenAbvGr,171.16666666666666,71.10391456640532,110.0,258.0,113.0,113.0,256.0,110.0,177.0,258.0
HalfBath*GarageArea,171.33333333333334,56.03451317417389,132.0,258.0,138.0,138.0,132.0,135.0,227.0,258.0
TotRmsAbvGrd*Fireplaces,172.0,106.06790277930455,78.0,319.0,81.0,81.0,215.0,78.0,319.0,258.0
GrLivArea*KitchenAbvGr,172.33333333333334,37.151940281318645,137.0,218.0,140.0,140.0,218.0,137.0,200.0,199.0
GrLivArea*BsmtFullBath,173.0,89.66158597749651,58.0,330.0,176.0,176.0,330.0,173.0,125.0,58.0
LotArea*Fireplaces,173.66666666666666,164.8194972285338,37.0,500.0,139.0,139.0,500.0,136.0,91.0,37.0
GarageArea*OpenPorchSF,174.16666666666666,74.16041172125911,119.0,298.0,122.0,122.0,298.0,119.0,231.0,153.0
BsmtUnfSF*BedroomAbvGr,174.5,154.3589971462629,16.0,316.0,316.0,316.0,53.0,313.0,16.0,33.0
BsmtFinSF1*Fireplaces,175.66666666666666,121.80257249609576,115.0,424.0,131.0,131.0,424.0,128.0,115.0,125.0
GarageCars*WoodDeckSF,175.83333333333334,59.57656138672881,126.0,258.0,129.0,129.0,240.0,126.0,173.0,258.0
1stFlrSF*WoodDeckSF,176.0,70.95914317408293,75.0,285.0,159.0,159.0,285.0,156.0,75.0,222.0
TotalSF^2,179.0,196.83190798242038,6.0,437.0,7.0,7.0,437.0,6.0,261.0,356.0
BsmtFullBath*TotalSF,179.5,100.63945548342359,42.0,351.0,185.0,185.0,351.0,182.0,42.0,132.0
LotFrontage*BsmtUnfSF,180.0,118.04575384146607,52.0,288.0,288.0,288.0,71.0,285.0,96.0,52.0
TotalBsmtSF*Fireplaces,180.66666666666666,132.84677890963962,71.0,395.0,73.0,73.0,395.0,71.0,214.0,258.0
BsmtUnfSF*TotalBsmtSF,180.66666666666666,59.29811688971807,94.0,231.0,231.0,231.0,94.0,228.0,129.0,171.0
LotFrontage*BedroomAbvGr,181.66666666666666,123.63602495497284,13.0,338.0,230.0,230.0,338.0,227.0,52.0,13.0
TotRmsAbvGrd,182.16666666666666,131.12347870105745,84.0,356.0,87.0,87.0,136.0,84.0,343.0,356.0
2ndFlrSF*GarageArea,182.16666666666666,35.085134553919936,155.0,245.0,158.0,158.0,245.0,155.0,178.0,199.0
BsmtFinSF1*TotalBsmtSF,182.33333333333334,141.6780387592469,111.0,470.0,121.0,121.0,470.0,118.0,111.0,153.0
BsmtUnfSF*GarageYrBlt,182.83333333333334,123.3197740294178,54.0,296.0,296.0,296.0,54.0,293.0,71.0,87.0
TotalBsmtSF*2ndFlrSF,183.16666666666666,105.99889936535504,54.0,379.0,166.0,166.0,379.0,163.0,54.0,171.0
1stFlrSF*Fireplaces,183.33333333333334,123.11403927524539,76.0,341.0,79.0,79.0,341.0,76.0,212.0,313.0
1stFlrSF*KitchenAbvGr,183.33333333333334,49.2368425740996,111.0,222.0,222.0,222.0,193.0,219.0,133.0,111.0
FullBath*OpenPorchSF,183.83333333333334,35.06232546005279,149.0,234.0,167.0,167.0,234.0,164.0,149.0,222.0
LotArea*HalfBath,184.66666666666666,68.31007734343935,108.0,302.0,192.0,192.0,302.0,189.0,108.0,125.0
BsmtUnfSF*TotRmsAbvGrd,186.66666666666666,98.93769082946432,58.0,266.0,266.0,266.0,69.0,263.0,198.0,58.0
2ndFlrSF*FullBath,187.66666666666666,44.760101280790984,128.0,221.0,216.0,216.0,221.0,213.0,128.0,132.0
BedroomAbvGr*BsmtFinSF,188.16666666666666,107.9544657096994,41.0,316.0,235.0,235.0,316.0,232.0,41.0,70.0
TotRmsAbvGrd*BsmtFinSF,188.16666666666666,103.9796454440323,124.0,392.0,127.0,127.0,392.0,124.0,160.0,199.0
MasVnrArea*TotalSF,191.0,109.0247678282325,103.0,377.0,106.0,106.0,377.0,103.0,232.0,222.0
GrLivArea^2,192.33333333333334,176.865674076873,34.0,407.0,35.0,35.0,407.0,34.0,287.0,356.0
LotFrontage*LotArea,192.66666666666666,179.83288538714677,9.0,518.0,196.0,196.0,518.0,193.0,44.0,9.0
MasVnrArea*1stFlrSF,193.16666666666666,113.07062689605408,108.0,359.0,111.0,111.0,359.0,108.0,157.0,313.0
LotFrontage*BsmtFinSF1,194.33333333333334,139.94951470679226,80.0,472.0,164.0,164.0,472.0,161.0,80.0,125.0
GrLivArea*HalfBath,194.83333333333334,61.64224741738954,152.0,313.0,155.0,155.0,200.0,152.0,194.0,313.0
BsmtFinSF1*TotRmsAbvGrd,196.66666666666666,109.38129029530903,116.0,397.0,119.0,119.0,397.0,116.0,230.0,199.0
TotalBsmtSF*WoodDeckSF,197.66666666666666,76.7897562612792,134.0,314.0,137.0,137.0,314.0,134.0,265.0,199.0
MasVnrArea*BedroomAbvGr,198.0,45.338725169550145,158.0,258.0,161.0,161.0,204.0,158.0,246.0,258.0
BsmtFullBath*GarageYrBlt,198.33333333333334,121.98469849397779,61.0,308.0,308.0,308.0,138.0,305.0,61.0,70.0
Fireplaces*BsmtFinSF,199.0,111.23668459640461,131.0,418.0,134.0,134.0,418.0,131.0,206.0,171.0
LotFrontage*MasVnrArea,199.16666666666666,96.75828991185544,123.0,363.0,126.0,126.0,363.0,123.0,199.0,258.0
MasVnrArea*TotalBsmtSF,199.33333333333334,122.19438066730673,106.0,390.0,109.0,109.0,390.0,106.0,311.0,171.0
LotArea*GarageYrBlt,200.83333333333334,140.6661532376096,111.0,486.0,153.0,153.0,486.0,150.0,152.0,111.0
LotArea*BsmtUnfSF,201.16666666666666,158.16373372763638,7.0,406.0,261.0,261.0,406.0,258.0,14.0,7.0
HalfBath*TotalSF,201.16666666666666,65.84653875995812,147.0,313.0,150.0,150.0,225.0,147.0,222.0,313.0
LotArea*OpenPorchSF,202.66666666666666,153.01590331291277,17.0,431.0,243.0,243.0,431.0,240.0,17.0,42.0
MasVnrArea*OpenPorchSF,203.33333333333334,101.27322778832847,111.0,403.0,178.0,178.0,403.0,175.0,175.0,111.0
BsmtFinSF*TotalSF,203.33333333333334,144.09672677290993,94.0,462.0,97.0,97.0,462.0,94.0,248.0,222.0
KitchenAbvGr*GarageYrBlt,203.5,152.01677539008648,18.0,341.0,341.0,341.0,18.0,338.0,83.0,100.0
LotArea*BedroomAbvGr,204.16666666666666,165.3607168183141,23.0,473.0,233.0,233.0,473.0,230.0,23.0,33.0
MasVnrArea*Fireplaces,204.16666666666666,83.48273274556043,132.0,332.0,135.0,135.0,332.0,132.0,233.0,258.0
BsmtFinSF1*GarageArea,204.83333333333334,135.054680284197,95.0,416.0,98.0,98.0,416.0,95.0,209.0,313.0
LotFrontage,206.83333333333334,102.91825234945775,84.0,364.0,232.0,232.0,364.0,229.0,84.0,100.0
LotFrontage*2ndFlrSF,208.5,70.59957506954274,116.0,322.0,221.0,221.0,322.0,218.0,116.0,153.0
LotFrontage*BsmtFinSF,210.16666666666666,132.71234556990797,79.0,468.0,174.0,174.0,468.0,171.0,195.0,79.0
TotRmsAbvGrd*WoodDeckSF,210.33333333333334,55.68363014986242,149.0,313.0,193.0,193.0,149.0,190.0,224.0,313.0
GarageArea*WoodDeckSF,211.5,88.15157400750142,130.0,313.0,133.0,133.0,270.0,130.0,290.0,313.0
2ndFlrSF*GarageCars,211.83333333333334,64.46833848228654,160.0,313.0,163.0,163.0,205.0,160.0,267.0,313.0
FullBath*GarageCars,213.66666666666666,287.7781552979077,13.0,698.0,14.0,14.0,109.0,13.0,434.0,698.0
WoodDeckSF*TotalSF,214.66666666666666,92.11659278689517,129.0,313.0,132.0,132.0,284.0,129.0,298.0,313.0
BsmtUnfSF*BsmtFinSF,215.0,57.76157892578769,151.0,323.0,199.0,199.0,323.0,196.0,151.0,222.0
BsmtUnfSF*OpenPorchSF,215.16666666666666,72.28946442370885,100.0,276.0,276.0,276.0,178.0,273.0,188.0,100.0
MasVnrArea*KitchenAbvGr,215.5,61.386480596300686,160.0,313.0,184.0,184.0,160.0,181.0,271.0,313.0
LotArea*BsmtFinSF,215.83333333333334,158.1662627321853,63.0,521.0,194.0,194.0,521.0,191.0,63.0,132.0
MasVnrArea*WoodDeckSF,216.16666666666666,28.428272312377104,198.0,269.0,201.0,201.0,269.0,198.0,229.0,199.0
BedroomAbvGr*TotRmsAbvGrd,217.5,60.11239472854163,96.0,258.0,240.0,240.0,96.0,237.0,234.0,258.0
LotArea*BsmtFinSF1,218.0,145.11788311576214,127.0,512.0,173.0,173.0,512.0,170.0,127.0,153.0
WoodDeckSF*OpenPorchSF,218.16666666666666,10.722251007445529,199.0,226.0,225.0,225.0,212.0,222.0,226.0,199.0
BsmtFinSF1*TotalSF,219.16666666666666,159.79914476200008,90.0,465.0,93.0,93.0,465.0,90.0,218.0,356.0
TotalBsmtSF*HalfBath,220.66666666666666,68.13124589104963,159.0,313.0,162.0,162.0,275.0,159.0,253.0,313.0
1stFlrSF*BsmtFinSF,220.66666666666666,127.23154745057008,127.0,444.0,130.0,130.0,444.0,127.0,294.0,199.0
Foundation_PConc,221.33333333333334,168.95640463346356,81.0,494.0,84.0,84.0,494.0,81.0,272.0,313.0
TotalBsmtSF*OpenPorchSF,222.16666666666666,110.94938786071181,142.0,405.0,145.0,145.0,405.0,142.0,183.0,313.0
BsmtUnfSF*BsmtFullBath,222.83333333333334,107.7541955873026,86.0,319.0,319.0,319.0,86.0,316.0,172.0,125.0
Fireplaces*OpenPorchSF,223.16666666666666,43.901784322128265,194.0,301.0,197.0,197.0,301.0,194.0,251.0,199.0
2ndFlrSF*TotRmsAbvGrd,223.33333333333334,22.455882673960218,197.0,244.0,244.0,244.0,197.0,241.0,215.0,199.0
BsmtFinSF1*1stFlrSF,223.66666666666666,136.94913897745639,120.0,451.0,123.0,123.0,451.0,120.0,326.0,199.0
BedroomAbvGr*WoodDeckSF,224.16666666666666,70.19235475938007,98.0,277.0,277.0,277.0,98.0,274.0,220.0,199.0
BsmtUnfSF,224.33333333333334,118.682208720038,55.0,328.0,328.0,328.0,55.0,325.0,139.0,171.0
OpenPorchSF*TotalSF,225.5,105.73315468669229,145.0,391.0,148.0,148.0,391.0,145.0,322.0,199.0
KitchenAbvGr*OpenPorchSF,226.0,79.48836392831343,139.0,299.0,299.0,299.0,139.0,296.0,170.0,153.0
1stFlrSF*OpenPorchSF,226.16666666666666,87.7141189699051,157.0,380.0,160.0,160.0,380.0,157.0,242.0,258.0
2ndFlrSF*BedroomAbvGr,226.5,63.62625244346865,154.0,285.0,285.0,285.0,154.0,282.0,182.0,171.0
LotFrontage*OpenPorchSF,227.66666666666666,72.53596808940145,171.0,373.0,207.0,207.0,373.0,204.0,204.0,171.0
LotArea,228.33333333333334,153.1491647599381,42.0,491.0,242.0,242.0,491.0,239.0,114.0,42.0
MasVnrArea*GrLivArea,228.5,127.9308406913673,111.0,366.0,114.0,114.0,366.0,111.0,310.0,356.0
BsmtUnfSF*KitchenAbvGr,229.5,140.12958288669813,47.0,353.0,353.0,353.0,47.0,350.0,174.0,100.0
2ndFlrSF*HalfBath,229.66666666666666,59.05477683190977,140.0,313.0,218.0,218.0,140.0,215.0,274.0,313.0
BsmtFinSF1*GarageYrBlt,230.33333333333334,69.4367817994661,168.0,313.0,171.0,171.0,307.0,168.0,252.0,313.0
LotFrontage*HalfBath,230.66666666666666,40.43595759551969,198.0,301.0,210.0,210.0,198.0,207.0,301.0,258.0
BsmtFinSF1*BedroomAbvGr,231.0,43.547675024046924,203.0,319.0,215.0,215.0,319.0,212.0,203.0,222.0
2ndFlrSF*GrLivArea,231.16666666666666,68.94756461737185,167.0,325.0,195.0,195.0,325.0,192.0,167.0,313.0
GrLivArea*OpenPorchSF,231.5,84.88286046075497,162.0,375.0,165.0,165.0,375.0,162.0,264.0,258.0
GarageArea*BsmtFinSF,231.66666666666666,144.48483196054408,101.0,413.0,104.0,104.0,413.0,101.0,355.0,313.0
GarageYrBlt*OpenPorchSF,232.0,65.18588804334877,166.0,316.0,200.0,200.0,166.0,197.0,316.0,313.0
BsmtFullBath*GarageArea,232.5,55.05179379457131,184.0,317.0,187.0,187.0,262.0,184.0,317.0,258.0
OpenPorchSF*BsmtFinSF,233.66666666666666,125.63067565951664,58.0,435.0,253.0,253.0,435.0,250.0,58.0,153.0
1stFlrSF*HalfBath,234.16666666666666,84.87971881825874,166.0,356.0,169.0,169.0,222.0,166.0,323.0,356.0
GarageCars,234.16666666666666,305.4186743908543,32.0,698.0,33.0,33.0,60.0,32.0,549.0,698.0
2ndFlrSF,235.33333333333334,66.89892874080023,145.0,293.0,293.0,293.0,145.0,290.0,169.0,222.0
BsmtUnfSF*2ndFlrSF,235.83333333333334,75.4384959199656,153.0,304.0,304.0,304.0,153.0,301.0,154.0,199.0
BedroomAbvGr*OpenPorchSF,236.0,85.33229166030877,106.0,313.0,283.0,283.0,151.0,280.0,106.0,313.0
BsmtFinSF,236.5,43.07551508687969,165.0,297.0,234.0,234.0,297.0,231.0,165.0,258.0
LotFrontage*WoodDeckSF,237.0,37.66696165076233,217.0,313.0,220.0,220.0,233.0,217.0,219.0,313.0
TotalBsmtSF*BsmtFinSF,237.66666666666666,138.94843168120562,125.0,467.0,128.0,128.0,467.0,125.0,320.0,258.0
Fireplaces*WoodDeckSF,242.83333333333334,74.57457117990467,178.0,356.0,181.0,181.0,293.0,178.0,268.0,356.0
2ndFlrSF*GarageYrBlt,244.16666666666666,56.64421123704228,147.0,313.0,264.0,264.0,147.0,261.0,216.0,313.0
FullBath,244.16666666666666,273.9002859923054,63.0,698.0,65.0,65.0,102.0,63.0,472.0,698.0
MasVnrArea*HalfBath,244.33333333333334,27.536642254760594,201.0,267.0,267.0,267.0,201.0,264.0,245.0,222.0
BsmtFinSF1*BsmtFullBath,244.83333333333334,83.79836911698621,155.0,402.0,219.0,219.0,402.0,216.0,155.0,258.0
TotRmsAbvGrd*OpenPorchSF,244.83333333333334,48.51151066156018,201.0,313.0,204.0,204.0,263.0,201.0,284.0,313.0
LotArea*2ndFlrSF,249.66666666666666,87.42234649485603,171.0,404.0,208.0,208.0,404.0,205.0,302.0,171.0
LotArea*KitchenAbvGr,249.83333333333334,173.68064563061327,3.0,479.0,311.0,311.0,479.0,308.0,3.0,87.0
MasVnrArea*BsmtFinSF1,251.16666666666666,90.93605812144415,186.0,422.0,189.0,189.0,422.0,186.0,263.0,258.0
BsmtFinSF1,251.66666666666666,63.17805526182859,210.0,356.0,214.0,214.0,305.0,211.0,210.0,356.0
KitchenAbvGr*GarageCars,252.0,275.9007067769128,46.0,698.0,91.0,91.0,46.0,88.0,498.0,698.0
OpenPorchSF,252.33333333333334,50.83568300580475,150.0,280.0,280.0,280.0,150.0,277.0,269.0,258.0
TotRmsAbvGrd^2,253.0,241.6476774148678,93.0,698.0,96.0,96.0,171.0,93.0,364.0,698.0
CentralAir,253.16666666666666,165.90047217131922,79.0,555.0,254.0,254.0,555.0,251.0,126.0,79.0
HalfBath*WoodDeckSF,254.16666666666666,53.26693783827513,192.0,303.0,303.0,303.0,192.0,300.0,205.0,222.0
GarageCars^2,254.5,323.0608301852764,36.0,698.0,37.0,37.0,76.0,36.0,643.0,698.0
MSZoning_RM,255.5,146.43599284328974,125.0,529.0,250.0,250.0,529.0,247.0,132.0,125.0
2ndFlrSF*Fireplaces,256.1666666666667,81.08863463313874,183.0,356.0,186.0,186.0,288.0,183.0,338.0,356.0
MasVnrArea*BsmtFullBath,256.1666666666667,63.35745154807497,200.0,344.0,203.0,203.0,274.0,200.0,344.0,313.0
LotFrontage*ScreenPorch,256.3333333333333,147.33318250369354,77.0,389.0,389.0,389.0,172.0,386.0,77.0,125.0
GarageYrBlt*WoodDeckSF,257.6666666666667,46.06806558416217,183.0,313.0,251.0,251.0,183.0,248.0,300.0,313.0
FullBath*BedroomAbvGr,257.6666666666667,251.47140327811962,99.0,698.0,108.0,108.0,99.0,105.0,428.0,698.0
FullBath*Fireplaces,257.8333333333333,257.6000129399583,69.0,698.0,71.0,71.0,207.0,69.0,431.0,698.0
BsmtFinSF1*WoodDeckSF,258.0,73.14095979681973,159.0,387.0,249.0,249.0,387.0,246.0,159.0,258.0
2ndFlrSF*WoodDeckSF,259.0,41.095011862755314,179.0,286.0,286.0,286.0,179.0,283.0,262.0,258.0
1stFlrSF*2ndFlrSF,259.5,81.10425389583459,187.0,356.0,190.0,190.0,349.0,187.0,285.0,356.0
HalfBath*BsmtFinSF,259.6666666666667,65.14803655265956,145.0,348.0,270.0,270.0,348.0,267.0,145.0,258.0
BsmtFullBath*BsmtFinSF,260.3333333333333,69.89611338741709,222.0,401.0,229.0,229.0,401.0,226.0,255.0,222.0
BsmtFinSF1*BsmtFinSF,261.1666666666667,143.69609134095006,138.0,480.0,141.0,141.0,480.0,138.0,354.0,313.0
TotalBsmtSF*BsmtFullBath,261.6666666666667,66.89593908950428,210.0,372.0,213.0,213.0,372.0,210.0,249.0,313.0
2ndFlrSF*TotalSF,262.3333333333333,96.94672076283275,172.0,356.0,175.0,175.0,340.0,172.0,356.0,356.0
BsmtUnfSF*HalfBath,262.5,99.61676565719246,67.0,356.0,291.0,291.0,67.0,288.0,282.0,356.0
BsmtFinSF1*ScreenPorch,262.8333333333333,136.53339029946727,31.0,372.0,372.0,372.0,31.0,369.0,211.0,222.0
LotFrontage*KitchenAbvGr,262.8333333333333,101.49958949013866,125.0,335.0,335.0,335.0,310.0,332.0,140.0,125.0
LotArea*WoodDeckSF,263.1666666666667,121.29536951865339,147.0,490.0,258.0,258.0,490.0,255.0,147.0,171.0
GarageType_Attchd,267.5,133.94737772722542,165.0,497.0,168.0,168.0,497.0,165.0,349.0,258.0
BsmtFinSF1*OpenPorchSF,268.1666666666667,98.41426048427466,179.0,448.0,224.0,224.0,448.0,221.0,179.0,313.0
BedroomAbvGr*Fireplaces,270.1666666666667,233.45699104260441,122.0,698.0,125.0,125.0,163.0,122.0,388.0,698.0
HalfBath*OpenPorchSF,272.3333333333333,41.46645230384035,208.0,337.0,278.0,278.0,208.0,275.0,337.0,258.0
GarageArea^2,273.5,280.7858614674179,61.0,698.0,62.0,62.0,210.0,61.0,548.0,698.0
2ndFlrSF*OpenPorchSF,274.1666666666667,59.73748125479234,153.0,306.0,301.0,301.0,306.0,298.0,286.0,153.0
MasVnrArea*BsmtFinSF,274.3333333333333,101.95816135389391,185.0,420.0,188.0,188.0,420.0,185.0,309.0,356.0
1stFlrSF*BsmtFullBath,275.1666666666667,58.59152384659975,223.0,356.0,226.0,226.0,328.0,223.0,292.0,356.0
FullBath*TotRmsAbvGrd,275.3333333333333,311.85872870045927,49.0,698.0,50.0,50.0,155.0,49.0,650.0,698.0
BsmtUnfSF^2,275.8333333333333,110.51410166429741,52.0,348.0,315.0,315.0,52.0,312.0,348.0,313.0
KitchenAbvGr*TotRmsAbvGrd,276.0,115.31348576814422,50.0,356.0,331.0,331.0,50.0,328.0,260.0,356.0
MSZoning_RL,276.6666666666667,144.34634275473235,100.0,516.0,297.0,297.0,516.0,294.0,156.0,100.0
GarageType_Detchd,277.3333333333333,121.84525705445685,195.0,509.0,198.0,198.0,509.0,195.0,306.0,258.0
FullBath^2,279.0,309.7560330324496,64.0,698.0,66.0,66.0,123.0,64.0,657.0,698.0
Functional,279.0,185.25441965038243,18.0,455.0,378.0,378.0,455.0,375.0,70.0,18.0
SaleType_New,279.5,140.7234877339245,130.0,548.0,260.0,260.0,548.0,257.0,130.0,222.0
LotArea*BsmtFullBath,279.8333333333333,136.5377847581638,131.0,513.0,295.0,295.0,513.0,292.0,131.0,153.0
1stFlrSF^2,280.8333333333333,258.4069787499298,67.0,698.0,69.0,69.0,398.0,67.0,384.0,698.0
SaleCondition_Abnorml,281.6666666666667,199.58724074115224,17.0,553.0,349.0,349.0,553.0,346.0,76.0,17.0
Neighborhood_Edwards,282.8333333333333,181.46340310560325,58.0,554.0,330.0,330.0,554.0,327.0,98.0,58.0
Fireplaces,285.5,257.3346070780221,115.0,698.0,118.0,118.0,143.0,115.0,521.0,698.0
BsmtUnfSF*EnclosedPorch,286.8333333333333,157.01900097334294,44.0,417.0,417.0,417.0,44.0,414.0,258.0,171.0
Neighborhood_OldTown,286.8333333333333,166.36516061563688,100.0,550.0,321.0,321.0,550.0,318.0,100.0,111.0
KitchenAbvGr*Fireplaces,287.1666666666667,248.3903513960771,124.0,698.0,136.0,136.0,124.0,133.0,496.0,698.0
TotalBsmtSF^2,287.6666666666667,271.6318587107681,56.0,698.0,57.0,57.0,445.0,56.0,413.0,698.0
Electrical,288.1666666666667,99.86674454825624,153.0,460.0,292.0,292.0,460.0,289.0,243.0,153.0
BsmtFullBath*WoodDeckSF,288.5,65.62849990667165,180.0,378.0,306.0,306.0,378.0,303.0,180.0,258.0
PavedDrive,288.6666666666667,114.44765907027835,162.0,492.0,294.0,294.0,492.0,291.0,162.0,199.0
BsmtFinSF1*HalfBath,289.3333333333333,45.885364405948295,258.0,361.0,262.0,262.0,361.0,259.0,334.0,258.0
Neighborhood_IDOTRR,291.3333333333333,184.59216306947235,90.0,592.0,323.0,323.0,592.0,320.0,90.0,100.0
KitchenAbvGr*EnclosedPorch,293.0,101.12170884632043,159.0,360.0,360.0,360.0,159.0,357.0,166.0,356.0
KitchenAbvGr*BsmtFinSF,293.6666666666667,34.500241545048155,270.0,356.0,273.0,273.0,277.0,270.0,313.0,356.0
WoodDeckSF*BsmtFinSF,293.6666666666667,42.28317238177224,256.0,371.0,275.0,275.0,371.0,272.0,256.0,313.0
2ndFlrSF*BsmtFullBath,293.6666666666667,41.31182235954578,230.0,356.0,302.0,302.0,230.0,299.0,273.0,356.0
MSSubClass_30,294.1666666666667,139.36056352737194,181.0,566.0,274.0,274.0,566.0,271.0,181.0,199.0
BedroomAbvGr,294.3333333333333,107.90860330236262,75.0,356.0,332.0,332.0,75.0,329.0,342.0,356.0
GarageCond,294.5,79.97937234062293,236.0,443.0,239.0,239.0,443.0,236.0,297.0,313.0
2ndFlrSF*BsmtFinSF,294.5,67.3431510994251,242.0,415.0,245.0,245.0,415.0,242.0,307.0,313.0
BsmtFinSF1*2ndFlrSF,294.6666666666667,71.61191707157872,238.0,421.0,241.0,241.0,421.0,238.0,314.0,313.0
TotalBsmtSF*ScreenPorch,296.5,101.41745411910121,97.0,359.0,359.0,359.0,97.0,356.0,295.0,313.0
Foundation_BrkTil,296.8333333333333,143.69887496660044,148.0,541.0,314.0,314.0,541.0,311.0,148.0,153.0
MasVnrArea*2ndFlrSF,298.0,36.08323710533743,268.0,356.0,271.0,271.0,326.0,268.0,296.0,356.0
MasVnrArea*TotRmsAbvGrd,298.3333333333333,239.04365012831167,121.0,698.0,124.0,124.0,248.0,121.0,475.0,698.0
BsmtFullBath*GarageCars,299.3333333333333,216.45661613050007,164.0,698.0,177.0,177.0,164.0,174.0,406.0,698.0
EnclosedPorch,301.8333333333333,77.31860491929912,185.0,356.0,356.0,356.0,185.0,353.0,339.0,222.0
BedroomAbvGr*EnclosedPorch,303.3333333333333,105.50576603516353,184.0,399.0,399.0,399.0,243.0,396.0,184.0,199.0
BsmtFullBath*OpenPorchSF,304.3333333333333,25.695654626155502,286.0,356.0,298.0,298.0,286.0,295.0,293.0,356.0
Neighborhood_StoneBr,304.8333333333333,184.56805429615022,102.0,602.0,339.0,339.0,602.0,336.0,102.0,111.0
GarageQual,305.0,84.87638069569178,234.0,442.0,237.0,237.0,442.0,234.0,324.0,356.0
BsmtCond,305.0,98.78056489006327,176.0,478.0,307.0,307.0,478.0,304.0,176.0,258.0
Foundation_CBlock,305.3333333333333,102.48837332432721,222.0,495.0,256.0,256.0,495.0,253.0,350.0,222.0
ScreenPorch*BsmtFinSF,305.5,135.03888328922156,32.0,373.0,373.0,373.0,32.0,370.0,329.0,356.0
FullBath*HalfBath,305.8333333333333,246.0060297364003,95.0,698.0,172.0,172.0,95.0,169.0,529.0,698.0
HalfBath*GarageCars,306.1666666666667,268.9278093962517,85.0,698.0,152.0,152.0,85.0,149.0,601.0,698.0
ScreenPorch*TotalSF,307.8333333333333,74.86899669867806,202.0,357.0,357.0,357.0,202.0,354.0,221.0,356.0
LotArea*ScreenPorch,307.8333333333333,77.45816074931464,222.0,379.0,379.0,379.0,252.0,376.0,239.0,222.0
FullBath*EnclosedPorch,308.1666666666667,153.42413977815443,82.0,440.0,440.0,440.0,251.0,437.0,82.0,199.0
HalfBath*TotRmsAbvGrd,309.5,225.48769367750427,88.0,698.0,206.0,206.0,88.0,203.0,456.0,698.0
SaleCondition_Normal,310.5,205.39693279112032,50.0,522.0,414.0,414.0,522.0,411.0,50.0,52.0
1stFlrSF*ScreenPorch,313.6666666666667,88.14911608556642,157.0,371.0,371.0,371.0,157.0,368.0,259.0,356.0
Neighborhood_Somerst,315.0,153.12739794040777,144.0,558.0,346.0,346.0,558.0,343.0,144.0,153.0
BsmtFullBath*ScreenPorch,315.3333333333333,141.81913364093953,30.0,392.0,392.0,392.0,30.0,389.0,333.0,356.0
GarageYrBlt*EnclosedPorch,315.5,114.18712712035452,164.0,410.0,410.0,410.0,189.0,407.0,164.0,313.0
Condition1_Norm,317.0,170.5813588877753,110.0,535.0,383.0,383.0,535.0,380.0,110.0,111.0
Neighborhood_NridgHt,317.6666666666667,128.74574426623454,233.0,562.0,236.0,236.0,562.0,233.0,283.0,356.0
SaleCondition_Partial,319.6666666666667,113.05514878441701,262.0,547.0,265.0,265.0,547.0,262.0,266.0,313.0
Neighborhood_BrkSide,321.1666666666667,157.19976675131127,138.0,577.0,348.0,348.0,577.0,345.0,138.0,171.0
MasVnrArea*GarageYrBlt,321.1666666666667,262.748104972551,143.0,698.0,146.0,146.0,175.0,143.0,619.0,698.0
FullBath*ScreenPorch,321.6666666666667,78.7011223977566,169.0,368.0,368.0,368.0,169.0,365.0,304.0,356.0
BsmtUnfSF*ScreenPorch,322.6666666666667,91.64423968077136,199.0,404.0,404.0,404.0,249.0,401.0,279.0,199.0
BsmtFullBath*FullBath,324.3333333333333,209.37016661087765,173.0,698.0,209.0,209.0,173.0,206.0,451.0,698.0
HalfBath*GarageYrBlt,325.0,210.02285589906637,65.0,698.0,268.0,268.0,65.0,265.0,386.0,698.0
LotFrontage*BsmtFullBath,325.1666666666667,31.20523460361525,297.0,368.0,300.0,300.0,368.0,297.0,330.0,356.0
Exterior1st_Wd Sdng,325.5,117.6039965307302,202.0,533.0,333.0,333.0,533.0,330.0,202.0,222.0
2ndFlrSF^2,327.0,193.52932594312418,202.0,698.0,205.0,205.0,280.0,202.0,372.0,698.0
Neighborhood_Crawfor,327.5,217.58193858866136,44.0,582.0,423.0,423.0,582.0,420.0,73.0,44.0
Fireplaces^2,328.0,189.2849703489424,224.0,698.0,227.0,227.0,229.0,224.0,363.0,698.0
HalfBath*BedroomAbvGr,330.3333333333333,207.93524633083894,64.0,698.0,281.0,281.0,64.0,278.0,380.0,698.0
LotFrontage*3SsnPorch,333.0,173.47161151035635,87.0,485.0,485.0,485.0,87.0,482.0,237.0,222.0
LotShape,333.5,78.8232199291554,244.0,477.0,309.0,309.0,477.0,306.0,244.0,356.0
LotArea*EnclosedPorch,333.6666666666667,139.18285335006846,142.0,437.0,437.0,437.0,381.0,434.0,142.0,171.0
LotFrontage*EnclosedPorch,335.3333333333333,107.28591084884663,196.0,412.0,412.0,412.0,384.0,409.0,196.0,199.0
Fence_GdWo,335.5,172.49086932356738,125.0,578.0,390.0,390.0,578.0,387.0,143.0,125.0
HalfBath*KitchenAbvGr,340.6666666666667,208.53073314661958,51.0,698.0,305.0,305.0,51.0,302.0,383.0,698.0
Condition1_Artery,340.8333333333333,153.3967622431017,153.0,587.0,369.0,369.0,587.0,366.0,201.0,153.0
HalfBath,341.1666666666667,211.81823969306012,59.0,698.0,287.0,287.0,59.0,284.0,432.0,698.0
TotRmsAbvGrd*EnclosedPorch,342.1666666666667,87.15828512922145,220.0,411.0,411.0,411.0,220.0,408.0,247.0,356.0
HouseStyle_1.5Fin,345.0,106.77827494392294,222.0,539.0,344.0,344.0,539.0,341.0,280.0,222.0
BsmtFinSF2*Fireplaces,345.5,92.40508644008727,203.0,424.0,424.0,424.0,203.0,421.0,288.0,313.0
BedroomAbvGr*ScreenPorch,345.8333333333333,88.41587338632507,180.0,407.0,407.0,407.0,180.0,404.0,321.0,356.0
HalfBath*Fireplaces,346.0,239.26972228010797,142.0,698.0,212.0,212.0,142.0,209.0,603.0,698.0
GarageYrBlt^2,346.6666666666667,280.9310710239554,36.0,698.0,217.0,217.0,36.0,214.0,698.0,698.0
TotalBsmtSF*EnclosedPorch,349.8333333333333,123.99583326332649,208.0,463.0,463.0,463.0,247.0,460.0,208.0,258.0
BsmtFinSF1^2,352.0,242.83080529455071,139.0,698.0,142.0,142.0,482.0,139.0,509.0,698.0
BsmtFinSF^2,352.3333333333333,230.1031652686826,154.0,698.0,157.0,157.0,474.0,154.0,474.0,698.0
GrLivArea*EnclosedPorch,354.1666666666667,143.39932589334813,153.0,475.0,475.0,475.0,333.0,472.0,217.0,153.0
Neighborhood_CollgCr,355.8333333333333,121.8678245750972,199.0,540.0,386.0,386.0,540.0,383.0,241.0,199.0
BsmtFinSF1*KitchenAbvGr,356.3333333333333,174.6833325382438,254.0,698.0,257.0,257.0,287.0,254.0,385.0,698.0
1stFlrSF*EnclosedPorch,356.6666666666667,110.36786972061509,211.0,454.0,454.0,454.0,211.0,451.0,257.0,313.0
HalfBath^2,357.0,214.65507215064824,49.0,698.0,310.0,310.0,49.0,307.0,468.0,698.0
SaleType_WD,357.6666666666667,91.80123455959983,270.0,536.0,329.0,329.0,536.0,326.0,270.0,356.0
FullBath*KitchenAbvGr,360.5,251.74649947913875,61.0,698.0,255.0,255.0,61.0,252.0,642.0,698.0
GarageYrBlt*BsmtFinSF,360.6666666666667,228.4019848133257,188.0,698.0,191.0,191.0,299.0,188.0,597.0,698.0
RoofStyle_Hip,361.3333333333333,77.7191525086749,313.0,519.0,336.0,336.0,519.0,333.0,331.0,313.0
Neighborhood_NAmes,363.6666666666667,89.32786052887792,250.0,526.0,351.0,351.0,526.0,348.0,250.0,356.0
2ndFlrSF*KitchenAbvGr,363.8333333333333,193.03307143250524,108.0,698.0,320.0,320.0,108.0,317.0,420.0,698.0
Fence_Nonexistent,364.0,79.51100552753688,291.0,520.0,340.0,340.0,520.0,337.0,291.0,356.0
RoofStyle_Gable,364.3333333333333,74.1314148432813,313.0,514.0,342.0,342.0,514.0,339.0,336.0,313.0
Exterior1st_MetalSd,365.0,81.93411987688646,303.0,527.0,350.0,350.0,527.0,347.0,303.0,313.0
BedroomAbvGr^2,366.0,204.80136718293656,56.0,698.0,345.0,345.0,56.0,342.0,410.0,698.0
LotConfig,369.1666666666667,187.87699876958507,122.0,498.0,498.0,498.0,471.0,494.0,122.0,132.0
BsmtFullBath*TotRmsAbvGrd,369.8333333333333,194.90861106340753,199.0,698.0,269.0,269.0,199.0,266.0,518.0,698.0
Exterior2nd_Wd Sdng,370.8333333333333,81.47249024466274,313.0,535.0,343.0,343.0,535.0,340.0,351.0,313.0
Neighborhood_Sawyer,371.6666666666667,121.79600431322314,191.0,565.0,388.0,388.0,565.0,385.0,191.0,313.0
BsmtFullBath*Fireplaces,372.6666666666667,207.2386707800131,220.0,698.0,223.0,223.0,308.0,220.0,564.0,698.0
WoodDeckSF,374.1666666666667,197.04965533252442,182.0,698.0,279.0,279.0,182.0,276.0,531.0,698.0
BsmtFinSF2*GarageCars,378.1666666666667,163.4875122652084,82.0,500.0,500.0,500.0,82.0,496.0,335.0,356.0
MasVnrArea^2,380.8333333333333,178.44149367976794,235.0,698.0,289.0,289.0,235.0,286.0,488.0,698.0
BsmtFullBath*KitchenAbvGr,382.1666666666667,198.60857651840382,103.0,698.0,334.0,334.0,103.0,331.0,493.0,698.0
ExterCond,385.3333333333333,202.1995713810162,124.0,531.0,512.0,512.0,531.0,508.0,124.0,125.0
LotFrontage^2,386.8333333333333,172.5496063938329,260.0,698.0,263.0,263.0,459.0,260.0,378.0,698.0
MasVnrType_None,387.3333333333333,236.9959212025951,177.0,698.0,180.0,180.0,496.0,177.0,593.0,698.0
BsmtFullBath*BedroomAbvGr,388.3333333333333,203.84373099672862,126.0,698.0,318.0,318.0,126.0,315.0,555.0,698.0
Fireplaces*EnclosedPorch,388.5,231.01839753578068,153.0,601.0,601.0,601.0,194.0,595.0,187.0,153.0
BsmtFinSF2*BsmtFinSF,389.5,144.73942102965592,188.0,514.0,514.0,514.0,188.0,510.0,353.0,258.0
BsmtFullBath,391.8333333333333,200.71812739926273,130.0,698.0,325.0,325.0,130.0,322.0,551.0,698.0
BsmtFullBath*HalfBath,392.5,211.99127340529847,119.0,698.0,317.0,317.0,119.0,314.0,590.0,698.0
WoodDeckSF^2,394.0,149.63288408635316,321.0,698.0,324.0,324.0,337.0,321.0,360.0,698.0
Exterior2nd_VinylSd,395.1666666666667,185.78419380202035,243.0,698.0,246.0,246.0,503.0,243.0,435.0,698.0
KitchenAbvGr*WoodDeckSF,395.3333333333333,214.09312615464017,176.0,698.0,290.0,290.0,176.0,287.0,631.0,698.0
Alley,395.6666666666667,96.17622713886558,258.0,524.0,429.0,429.0,524.0,426.0,308.0,258.0
WoodDeckSF*ScreenPorch,396.0,215.17155945895826,24.0,698.0,422.0,422.0,24.0,419.0,391.0,698.0
BsmtFinSF2*FullBath,398.6666666666667,181.52759202574873,107.0,550.0,550.0,550.0,107.0,545.0,327.0,313.0
OpenPorchSF*EnclosedPorch,401.0,299.6097461699135,39.0,671.0,671.0,671.0,39.0,665.0,228.0,132.0
Exterior1st_HdBoard,401.6666666666667,94.65023331543703,258.0,528.0,433.0,433.0,528.0,430.0,328.0,258.0
MSSubClass_60,403.3333333333333,254.45051909294008,176.0,698.0,179.0,179.0,517.0,176.0,671.0,698.0
KitchenAbvGr,403.5,229.19053209066033,34.0,698.0,367.0,367.0,34.0,364.0,591.0,698.0
Exterior1st_VinylSd,403.6666666666667,184.6604090395845,249.0,698.0,252.0,252.0,502.0,249.0,469.0,698.0
TotRmsAbvGrd*ScreenPorch,406.5,149.57640188211508,260.0,698.0,375.0,375.0,260.0,372.0,359.0,698.0
MasVnrArea*EnclosedPorch,406.6666666666667,218.2701689802495,23.0,698.0,449.0,449.0,23.0,446.0,375.0,698.0
Fireplaces*ScreenPorch,406.8333333333333,153.10051164730532,238.0,698.0,381.0,381.0,238.0,378.0,365.0,698.0
BsmtFinSF1*BsmtFinSF2,409.5,89.70785918747588,313.0,492.0,492.0,492.0,331.0,489.0,340.0,313.0
KitchenAbvGr^2,409.6666666666667,236.82792628122778,33.0,698.0,366.0,366.0,33.0,363.0,632.0,698.0
ScreenPorch,412.8333333333333,186.1165405509856,118.0,698.0,396.0,396.0,118.0,393.0,476.0,698.0
GrLivArea*ScreenPorch,413.6666666666667,143.18193554588746,300.0,698.0,361.0,361.0,300.0,358.0,404.0,698.0
GarageArea*EnclosedPorch,414.6666666666667,186.5054065346811,113.0,569.0,569.0,569.0,317.0,564.0,113.0,356.0
MasVnrArea*ScreenPorch,416.1666666666667,238.89697919117074,25.0,698.0,380.0,380.0,25.0,377.0,637.0,698.0
MiscFeature_Nonexistent,418.8333333333333,93.50597128882555,313.0,581.0,427.0,427.0,581.0,424.0,341.0,313.0
GarageArea*ScreenPorch,421.8333333333333,163.87118925139544,236.0,698.0,358.0,358.0,236.0,355.0,526.0,698.0
GarageCars*EnclosedPorch,422.5,167.22529712935182,216.0,574.0,574.0,574.0,216.0,569.0,289.0,313.0
OpenPorchSF*3SsnPorch,422.8333333333333,221.921983288422,21.0,698.0,435.0,435.0,21.0,432.0,516.0,698.0
SaleType_COD,423.0,94.25497334358543,312.0,589.0,428.0,428.0,589.0,425.0,312.0,356.0
BsmtFinSF2*WoodDeckSF,424.3333333333333,246.25406934031906,41.0,633.0,633.0,633.0,41.0,627.0,299.0,313.0
FullBath*3SsnPorch,425.5,210.02452237774523,48.0,698.0,462.0,462.0,48.0,459.0,424.0,698.0
MiscFeature_Shed,425.5,91.91681021445424,318.0,586.0,432.0,432.0,586.0,429.0,318.0,356.0
BsmtFinSF1*3SsnPorch,426.3333333333333,170.36509814708722,170.0,698.0,445.0,445.0,170.0,442.0,358.0,698.0
MasVnrArea*BsmtFinSF2,426.6666666666667,218.5293267885724,26.0,698.0,466.0,466.0,26.0,463.0,441.0,698.0
BsmtFullBath^2,427.3333333333333,180.21061751924236,250.0,698.0,337.0,337.0,250.0,334.0,608.0,698.0
TotalBsmtSF*3SsnPorch,429.3333333333333,185.44397177224894,116.0,698.0,451.0,451.0,116.0,448.0,412.0,698.0
1stFlrSF*3SsnPorch,431.5,171.43482726680713,168.0,698.0,455.0,455.0,168.0,452.0,361.0,698.0
2ndFlrSF*ScreenPorch,431.8333333333333,132.81779499248836,329.0,698.0,395.0,395.0,329.0,392.0,382.0,698.0
GarageCars*ScreenPorch,432.3333333333333,173.02100065213662,226.0,698.0,364.0,364.0,226.0,361.0,581.0,698.0
HalfBath*ScreenPorch,432.8333333333333,165.56740822597502,190.0,698.0,403.0,403.0,190.0,400.0,503.0,698.0
Exterior1st_BrkFace,433.6666666666667,251.6359804691425,100.0,602.0,602.0,602.0,584.0,596.0,118.0,100.0
3SsnPorch*TotalSF,434.6666666666667,180.01740656577257,131.0,698.0,448.0,448.0,131.0,445.0,438.0,698.0
BsmtFinSF1*BsmtHalfBath,436.0,173.65943682967534,246.0,595.0,595.0,595.0,246.0,590.0,277.0,313.0
BsmtFinSF2*EnclosedPorch,436.8333333333333,219.45607001554245,158.0,634.0,634.0,634.0,158.0,628.0,254.0,313.0
BsmtFinSF1*EnclosedPorch,437.5,225.60474285794615,171.0,637.0,637.0,637.0,356.0,631.0,193.0,171.0
KitchenAbvGr*ScreenPorch,438.0,206.2008729370465,114.0,698.0,398.0,398.0,114.0,395.0,625.0,698.0
3SsnPorch*BsmtFinSF,438.3333333333333,168.0031745731808,167.0,698.0,444.0,444.0,167.0,441.0,436.0,698.0
GarageYrBlt*ScreenPorch,439.0,208.23256229514155,122.0,698.0,391.0,391.0,122.0,388.0,644.0,698.0
OpenPorchSF*ScreenPorch,440.8333333333333,142.34242750025962,257.0,698.0,425.0,425.0,257.0,422.0,418.0,698.0
MasVnrArea*3SsnPorch,441.5,225.4717277176897,40.0,698.0,436.0,436.0,40.0,433.0,606.0,698.0
3SsnPorch,441.6666666666667,190.02912057541778,121.0,698.0,489.0,489.0,121.0,486.0,367.0,698.0
OpenPorchSF^2,442.0,184.65643774317752,206.0,698.0,374.0,374.0,206.0,371.0,629.0,698.0
ScreenPorch^2,444.3333333333333,155.8802959538718,227.0,698.0,408.0,408.0,227.0,405.0,520.0,698.0
LotArea^2,445.3333333333333,164.06055792501337,323.0,698.0,326.0,326.0,603.0,323.0,396.0,698.0
Neighborhood_NoRidge,446.3333333333333,166.23918511189433,310.0,698.0,313.0,313.0,590.0,310.0,454.0,698.0
BsmtFinSF2*BsmtUnfSF,447.1666666666667,222.10215367408452,38.0,698.0,517.0,517.0,38.0,513.0,400.0,698.0
MasVnrType_Stone,448.0,187.29335279181694,281.0,698.0,284.0,284.0,546.0,281.0,595.0,698.0
BsmtUnfSF*3SsnPorch,448.0,214.18309923987934,58.0,698.0,513.0,513.0,58.0,509.0,397.0,698.0
2ndFlrSF*3SsnPorch,450.3333333333333,234.0133899302915,17.0,698.0,535.0,535.0,17.0,530.0,387.0,698.0
GarageCars*3SsnPorch,452.5,191.269182044573,112.0,698.0,458.0,458.0,112.0,455.0,534.0,698.0
BsmtFinSF2,452.5,263.5919194512609,80.0,684.0,684.0,684.0,80.0,678.0,276.0,313.0
BedroomAbvGr*3SsnPorch,453.0,179.04412863872415,146.0,698.0,490.0,490.0,146.0,487.0,407.0,698.0
HouseStyle_2Story,453.5,167.71970665369054,309.0,698.0,312.0,312.0,505.0,309.0,585.0,698.0
BsmtFinSF2*2ndFlrSF,453.8333333333333,217.12431155139367,43.0,698.0,491.0,491.0,43.0,488.0,512.0,698.0
BedroomAbvGr*KitchenAbvGr,454.1666666666667,218.17187414207788,42.0,698.0,509.0,509.0,42.0,505.0,462.0,698.0
TotRmsAbvGrd*3SsnPorch,455.0,175.8567598928173,148.0,698.0,467.0,467.0,148.0,464.0,486.0,698.0
BsmtFinSF2*TotalSF,455.3333333333333,185.6045976442035,128.0,698.0,497.0,497.0,128.0,493.0,419.0,698.0
Fireplaces*3SsnPorch,456.3333333333333,163.62844088564393,191.0,698.0,443.0,443.0,191.0,440.0,523.0,698.0
MasVnrType_BrkFace,458.6666666666667,162.89096557718193,319.0,698.0,322.0,322.0,504.0,319.0,587.0,698.0
BsmtFinSF2*TotalBsmtSF,460.0,177.5522458320367,152.0,698.0,499.0,499.0,152.0,495.0,417.0,698.0
BsmtFinSF2*HalfBath,460.6666666666667,225.9474865243397,27.0,698.0,501.0,501.0,27.0,497.0,540.0,698.0
Exterior1st_AsbShng,462.5,151.6136537387052,362.0,698.0,365.0,365.0,612.0,362.0,373.0,698.0
BsmtFinType2,463.8333333333333,198.86720862592372,189.0,640.0,640.0,640.0,324.0,634.0,189.0,356.0
GarageArea*3SsnPorch,464.1666666666667,137.6944685405578,265.0,698.0,460.0,460.0,265.0,457.0,445.0,698.0
Fence_MnPrv,464.5,139.39978479179945,352.0,698.0,355.0,355.0,538.0,352.0,489.0,698.0
BldgType_1Fam,464.8333333333333,126.82809888454004,379.0,698.0,382.0,382.0,523.0,379.0,425.0,698.0
GarageType_Nonexistent,465.1666666666667,207.7377352978189,279.0,698.0,282.0,282.0,559.0,279.0,691.0,698.0
BsmtFinSF2*GarageArea,465.3333333333333,210.65200370911896,77.0,698.0,536.0,536.0,77.0,531.0,414.0,698.0
GarageYrBlt*3SsnPorch,467.3333333333333,186.38848319214006,127.0,698.0,484.0,484.0,127.0,481.0,530.0,698.0
MSSubClass_50,470.8333333333333,147.80178167622563,344.0,698.0,347.0,347.0,542.0,344.0,547.0,698.0
3SsnPorch^2,471.3333333333333,216.1635183528124,63.0,698.0,543.0,543.0,63.0,538.0,443.0,698.0
EnclosedPorch^2,472.1666666666667,115.30380161411273,388.0,698.0,421.0,421.0,388.0,418.0,487.0,698.0
2ndFlrSF*EnclosedPorch,474.5,154.55710918621634,313.0,617.0,617.0,617.0,357.0,611.0,332.0,313.0
BsmtFinSF2*ScreenPorch,475.1666666666667,234.3855086533011,22.0,698.0,511.0,511.0,22.0,507.0,602.0,698.0
ScreenPorch*PoolArea,475.3333333333333,251.4610639177896,12.0,698.0,593.0,593.0,12.0,588.0,368.0,698.0
Exterior2nd_MetalSd,476.0,147.56828927652444,349.0,698.0,352.0,352.0,530.0,349.0,575.0,698.0
Exterior2nd_Plywood,476.1666666666667,162.4615852029847,258.0,594.0,594.0,594.0,544.0,589.0,278.0,258.0
SaleCondition_Family,476.5,104.9757114765125,345.0,614.0,516.0,516.0,614.0,512.0,345.0,356.0
LowQualFinSF,476.5,125.6451352022831,315.0,698.0,447.0,447.0,315.0,444.0,508.0,698.0
GrLivArea*3SsnPorch,478.1666666666667,209.6753840265153,129.0,698.0,450.0,450.0,129.0,447.0,695.0,698.0
BldgType_Duplex,478.1666666666667,130.52113494245546,391.0,698.0,394.0,394.0,581.0,391.0,411.0,698.0
BsmtFinSF2*GrLivArea,479.0,200.60608166254582,104.0,698.0,496.0,496.0,104.0,492.0,588.0,698.0
KitchenAbvGr*3SsnPorch,479.1666666666667,194.4956726168134,121.0,698.0,489.0,489.0,121.0,486.0,592.0,698.0
EnclosedPorch*TotalSF,479.3333333333333,129.97333059772942,289.0,698.0,469.0,469.0,289.0,466.0,485.0,698.0
BsmtFinSF2*OpenPorchSF,481.0,228.8921143246311,37.0,698.0,519.0,519.0,37.0,515.0,598.0,698.0
LandContour_HLS,481.3333333333333,129.15984928245567,397.0,698.0,400.0,400.0,585.0,397.0,408.0,698.0
BsmtFullBath*3SsnPorch,482.0,139.5793681028826,273.0,698.0,457.0,457.0,273.0,454.0,553.0,698.0
BsmtFinSF2*1stFlrSF,483.5,184.65941622348967,137.0,698.0,520.0,520.0,137.0,516.0,510.0,698.0
EnclosedPorch*ScreenPorch,484.5,240.0556185553673,15.0,698.0,572.0,572.0,15.0,567.0,483.0,698.0
BldgType_2fmCon,485.6666666666667,129.7762176466346,399.0,698.0,402.0,402.0,598.0,399.0,415.0,698.0
HouseStyle_SLvl,486.3333333333333,228.57879750026393,190.0,656.0,656.0,656.0,567.0,650.0,190.0,199.0
GarageType_BuiltIn,488.1666666666667,184.85823397043114,324.0,698.0,327.0,327.0,557.0,324.0,696.0,698.0
Heating_Grav,488.5,153.43500252549939,359.0,698.0,362.0,362.0,646.0,359.0,504.0,698.0
BldgType_Twnhs,488.6666666666667,125.16815356418209,403.0,698.0,406.0,406.0,589.0,403.0,430.0,698.0
LotArea*3SsnPorch,488.8333333333333,187.4432358519951,165.0,698.0,474.0,474.0,165.0,471.0,651.0,698.0
BsmtUnfSF*LowQualFinSF,489.3333333333333,115.57104597028906,342.0,698.0,468.0,468.0,342.0,465.0,495.0,698.0
LandContour_Bnk,491.0,120.0766421915603,406.0,698.0,409.0,409.0,574.0,406.0,450.0,698.0
LowQualFinSF*KitchenAbvGr,492.5,135.81568392494293,282.0,698.0,473.0,473.0,282.0,470.0,559.0,698.0
Neighborhood_Timber,492.5,137.8850970917452,374.0,698.0,377.0,377.0,594.0,374.0,535.0,698.0
1stFlrSF*LowQualFinSF,493.0,122.09176876431924,365.0,698.0,510.0,510.0,365.0,506.0,369.0,698.0
HalfBath*3SsnPorch,493.3333333333333,242.04600113752485,19.0,698.0,588.0,588.0,19.0,583.0,484.0,698.0
EnclosedPorch*BsmtFinSF,494.1666666666667,190.55856492602652,258.0,667.0,667.0,667.0,360.0,661.0,352.0,258.0
Heating_GasA,494.3333333333333,144.13974700500438,367.0,698.0,370.0,370.0,595.0,367.0,566.0,698.0
Neighborhood_MeadowV,495.6666666666667,151.7638516467827,360.0,698.0,363.0,363.0,616.0,360.0,574.0,698.0
BsmtFinSF2^2,496.1666666666667,217.77916949668688,68.0,698.0,559.0,559.0,68.0,554.0,539.0,698.0
BsmtFinSF2*BsmtHalfBath,497.0,229.20994742811664,45.0,698.0,575.0,575.0,45.0,570.0,519.0,698.0
BsmtHalfBath*3SsnPorch,498.0,257.7114665667789,14.0,698.0,627.0,627.0,14.0,621.0,401.0,698.0
BsmtFinSF2*3SsnPorch,498.3333333333333,244.93972047560328,13.0,698.0,590.0,590.0,13.0,585.0,514.0,698.0
LowQualFinSF^2,499.0,117.00256407446804,344.0,698.0,470.0,470.0,344.0,467.0,545.0,698.0
LowQualFinSF*GarageYrBlt,499.8333333333333,112.13637530554779,367.0,698.0,505.0,505.0,367.0,501.0,423.0,698.0
MSSubClass_160,500.8333333333333,125.63027766691702,394.0,698.0,397.0,397.0,569.0,394.0,550.0,698.0
WoodDeckSF*PoolArea,501.3333333333333,169.40562761215065,228.0,698.0,571.0,571.0,228.0,566.0,374.0,698.0
Exterior1st_WdShing,502.1666666666667,119.43101216462443,399.0,698.0,439.0,439.0,602.0,436.0,399.0,698.0
WoodDeckSF*3SsnPorch,502.3333333333333,191.05042964271678,133.0,698.0,552.0,552.0,133.0,547.0,532.0,698.0
MSZoning_C (all),505.0,185.1961122702094,335.0,698.0,338.0,338.0,636.0,335.0,685.0,698.0
BsmtHalfBath*ScreenPorch,505.6666666666667,244.55401584653373,20.0,698.0,561.0,561.0,20.0,556.0,638.0,698.0
HouseStyle_1.5Unf,506.3333333333333,125.11381485138509,410.0,698.0,413.0,413.0,625.0,410.0,479.0,698.0
LowQualFinSF*EnclosedPorch,506.5,98.06273502202556,443.0,698.0,446.0,446.0,499.0,443.0,507.0,698.0
MSSubClass_120,508.6666666666667,113.83438262083502,415.0,698.0,418.0,418.0,557.0,415.0,546.0,698.0
MSSubClass_190,508.8333333333333,127.01561583784361,399.0,698.0,402.0,402.0,598.0,399.0,554.0,698.0
Foundation_Slab,509.0,173.83900597967073,351.0,698.0,354.0,354.0,607.0,351.0,690.0,698.0
Exterior1st_Plywood,510.0,198.55780014897425,213.0,663.0,663.0,663.0,551.0,657.0,213.0,313.0
Street,511.0,129.2408604118682,403.0,698.0,438.0,438.0,654.0,435.0,403.0,698.0
SaleCondition_AdjLand,512.1666666666666,134.28986062494317,362.0,698.0,452.0,452.0,660.0,449.0,362.0,698.0
Condition1_Feedr,512.6666666666666,145.9008795952467,384.0,698.0,387.0,387.0,560.0,384.0,660.0,698.0
HalfBath*EnclosedPorch,514.6666666666666,241.92615953357893,29.0,698.0,587.0,587.0,29.0,582.0,605.0,698.0
LandSlope,514.8333333333334,170.63928816854184,258.0,646.0,646.0,646.0,552.0,640.0,347.0,258.0
HouseStyle_1Story,515.1666666666666,104.95602253642554,438.0,698.0,441.0,441.0,493.0,438.0,580.0,698.0
Exterior2nd_CmentBd,515.5,116.53797664280945,416.0,698.0,419.0,419.0,574.0,416.0,567.0,698.0
Exterior2nd_AsbShng,516.0,156.8527972335846,373.0,698.0,376.0,376.0,612.0,373.0,661.0,698.0
MSSubClass_180,516.3333333333334,131.49702151252959,402.0,698.0,405.0,405.0,636.0,402.0,552.0,698.0
Exterior2nd_Stucco,517.1666666666666,109.0457090704016,433.0,698.0,456.0,456.0,607.0,453.0,433.0,698.0
MSZoning_FV,517.5,153.18844603951044,382.0,698.0,385.0,385.0,568.0,382.0,687.0,698.0
LandContour_Lvl,519.3333333333334,195.99659860994188,240.0,675.0,675.0,675.0,544.0,669.0,240.0,313.0
Exterior2nd_Wd Shng,519.6666666666666,102.99449823493809,453.0,698.0,459.0,459.0,593.0,456.0,453.0,698.0
Neighborhood_NWAmes,519.8333333333334,97.70858031240996,450.0,698.0,453.0,453.0,563.0,450.0,502.0,698.0
Exterior1st_BrkComm,520.0,128.27470522281467,428.0,698.0,431.0,431.0,671.0,428.0,461.0,698.0
Neighborhood_Gilbert,520.3333333333334,110.76943019925068,427.0,698.0,430.0,430.0,561.0,427.0,576.0,698.0
BsmtFinSF2*TotRmsAbvGrd,521.5,211.4187787307457,101.0,698.0,577.0,577.0,101.0,572.0,604.0,698.0
MSSubClass_45,521.6666666666666,125.99153410712431,412.0,698.0,415.0,415.0,632.0,412.0,558.0,698.0
Exterior1st_CemntBd,521.8333333333334,123.89901802139785,413.0,698.0,416.0,416.0,571.0,413.0,617.0,698.0
HouseStyle_SFoyer,522.1666666666666,119.83725074728086,417.0,698.0,420.0,420.0,592.0,417.0,586.0,698.0
MSZoning_RH,522.5,110.50022624411227,439.0,698.0,442.0,442.0,620.0,439.0,494.0,698.0
Neighborhood_BrDale,522.6666666666666,154.9576286172019,381.0,698.0,384.0,384.0,621.0,381.0,668.0,698.0
LowQualFinSF*3SsnPorch,522.6666666666666,258.58435116353553,10.0,698.0,641.0,641.0,10.0,635.0,511.0,698.0
MSSubClass_90,523.1666666666666,148.09377659667763,391.0,698.0,394.0,394.0,581.0,391.0,681.0,698.0
BsmtHalfBath*BedroomAbvGr,523.5,190.1491519833838,181.0,698.0,614.0,614.0,181.0,608.0,426.0,698.0
BsmtHalfBath^2,524.1666666666666,222.6319084647721,93.0,698.0,626.0,626.0,93.0,620.0,482.0,698.0
GrLivArea*PoolArea,524.5,106.43448689217232,366.0,698.0,533.0,533.0,489.0,528.0,366.0,698.0
Exterior2nd_BrkFace,525.0,199.45926902503177,258.0,670.0,670.0,670.0,607.0,664.0,281.0,258.0
LowQualFinSF*GrLivArea,525.8333333333334,110.27133202544833,400.0,698.0,551.0,551.0,400.0,546.0,409.0,698.0
Heating_Wall,527.0,121.5960525675073,431.0,698.0,434.0,434.0,660.0,431.0,505.0,698.0
PoolArea^2,527.0,118.62883292016322,386.0,698.0,563.0,563.0,386.0,558.0,394.0,698.0
BsmtHalfBath*KitchenAbvGr,527.1666666666666,218.58949349560845,106.0,698.0,629.0,629.0,106.0,623.0,478.0,698.0
2ndFlrSF*PoolArea,527.5,105.53435459602717,370.0,698.0,538.0,538.0,488.0,533.0,370.0,698.0
TotalBsmtSF*LowQualFinSF,527.5,128.87319348879348,350.0,698.0,487.0,487.0,350.0,484.0,659.0,698.0
BsmtFinSF2*BsmtFullBath,528.0,162.50415379306463,239.0,698.0,596.0,596.0,239.0,591.0,448.0,698.0
LowQualFinSF*BedroomAbvGr,528.8333333333334,129.08666339582362,309.0,698.0,521.0,521.0,309.0,517.0,607.0,698.0
LotFrontage*BsmtFinSF2,528.8333333333334,192.35219433805963,209.0,698.0,632.0,632.0,209.0,626.0,376.0,698.0
Neighborhood_SWISU,529.1666666666666,107.13060564874384,392.0,698.0,494.0,494.0,607.0,490.0,392.0,698.0
LowQualFinSF*TotRmsAbvGrd,529.6666666666666,108.54983494536813,355.0,698.0,531.0,531.0,355.0,526.0,537.0,698.0
MSSubClass_20,532.0,86.63255739039452,477.0,698.0,480.0,480.0,501.0,477.0,556.0,698.0
BedroomAbvGr*PoolArea,533.5,98.68890515149107,409.0,698.0,547.0,547.0,409.0,542.0,458.0,698.0
LowQualFinSF*FullBath,534.6666666666666,109.52746991812906,353.0,698.0,545.0,545.0,353.0,540.0,527.0,698.0
1stFlrSF*PoolArea,535.3333333333334,106.95170249540989,371.0,698.0,555.0,555.0,483.0,550.0,371.0,698.0
TotRmsAbvGrd*PoolArea,535.5,91.74475461845216,433.0,698.0,541.0,541.0,433.0,536.0,464.0,698.0
LowQualFinSF*GarageCars,535.8333333333334,87.52466319082106,430.0,698.0,523.0,523.0,430.0,519.0,522.0,698.0
BsmtFullBath*BsmtHalfBath,536.6666666666666,136.8468730613406,281.0,698.0,562.0,562.0,281.0,557.0,560.0,698.0
LotFrontage*LowQualFinSF,537.3333333333334,123.27800560792126,399.0,698.0,482.0,482.0,399.0,479.0,684.0,698.0
BsmtHalfBath*OpenPorchSF,537.5,222.46325539288506,90.0,698.0,603.0,603.0,90.0,597.0,634.0,698.0
Exterior2nd_Brk Cmn,538.1666666666666,105.12928548538065,460.0,698.0,476.0,476.0,646.0,473.0,460.0,698.0
Exterior2nd_HdBoard,538.6666666666666,87.0532404145111,475.0,698.0,478.0,478.0,532.0,475.0,571.0,698.0
LotArea*LowQualFinSF,540.6666666666666,85.878208334051,434.0,698.0,527.0,527.0,434.0,522.0,536.0,698.0
OpenPorchSF*PoolArea,542.1666666666666,88.51986594356471,423.0,698.0,540.0,540.0,423.0,535.0,517.0,698.0
BsmtHalfBath*HalfBath,543.1666666666666,231.90809961419342,74.0,698.0,621.0,621.0,74.0,615.0,630.0,698.0
BsmtHalfBath*BsmtFinSF,543.1666666666666,178.3641406411801,232.0,698.0,636.0,636.0,232.0,630.0,427.0,698.0
BsmtHalfBath,544.8333333333334,215.60836409255245,110.0,698.0,619.0,619.0,110.0,613.0,610.0,698.0
LowQualFinSF*GarageArea,546.5,86.35913385392422,429.0,698.0,544.0,544.0,429.0,539.0,525.0,698.0
BsmtFinSF2*BedroomAbvGr,546.5,231.44567397123672,92.0,698.0,660.0,660.0,92.0,654.0,515.0,698.0
Neighborhood_Veenker,546.6666666666666,98.23577081016195,469.0,698.0,472.0,472.0,636.0,469.0,533.0,698.0
SaleType_ConLD,547.3333333333334,98.49805412629564,444.0,698.0,502.0,502.0,640.0,498.0,444.0,698.0
Exterior1st_Stucco,548.3333333333334,86.97969111618335,470.0,698.0,506.0,506.0,608.0,502.0,470.0,698.0
LotFrontage*BsmtHalfBath,548.3333333333334,178.04119373523272,271.0,698.0,650.0,650.0,271.0,644.0,377.0,698.0
PoolArea*TotalSF,550.3333333333334,80.22136041396124,459.0,698.0,548.0,548.0,506.0,543.0,459.0,698.0
RoofStyle_Gambrel,550.6666666666666,92.10139340241638,466.0,698.0,504.0,504.0,632.0,500.0,466.0,698.0
LowQualFinSF*WoodDeckSF,550.6666666666666,268.73530967602056,16.0,698.0,686.0,686.0,16.0,680.0,538.0,698.0
Heating_Floor,551.3333333333334,110.16472514678492,478.0,698.0,481.0,481.0,689.0,478.0,481.0,698.0
GarageType_CarPort,551.5,140.21519175895313,423.0,698.0,426.0,426.0,639.0,423.0,697.0,698.0
Fireplaces*PoolArea,553.0,79.84985911070852,464.0,698.0,554.0,554.0,464.0,549.0,499.0,698.0
WoodDeckSF*EnclosedPorch,553.3333333333334,258.14001368766264,28.0,698.0,649.0,649.0,28.0,643.0,653.0,698.0
EnclosedPorch*3SsnPorch,553.8333333333334,267.3562542127389,11.0,698.0,669.0,669.0,11.0,663.0,613.0,698.0
Fence_MnWw,554.3333333333334,88.33496853832386,491.0,698.0,503.0,503.0,632.0,499.0,491.0,698.0
PoolArea,554.5,91.80141611108186,411.0,698.0,565.0,565.0,411.0,560.0,528.0,698.0
1stFlrSF*BsmtHalfBath,554.5,209.30910156990308,223.0,698.0,685.0,685.0,223.0,679.0,357.0,698.0
BsmtFinSF2*GarageYrBlt,554.8333333333334,233.7626288923588,83.0,698.0,655.0,655.0,83.0,649.0,589.0,698.0
LotFrontage*PoolArea,555.6666666666666,87.85821911845622,429.0,698.0,567.0,567.0,511.0,562.0,429.0,698.0
LandContour_Low,555.8333333333334,170.69553792254402,325.0,688.0,688.0,688.0,596.0,682.0,325.0,356.0
BsmtFinSF2*PoolArea,556.8333333333334,172.3466468100458,213.0,698.0,612.0,612.0,213.0,606.0,600.0,698.0
LotArea*PoolArea,558.3333333333334,70.3609740315373,498.0,698.0,539.0,539.0,498.0,534.0,542.0,698.0
BsmtUnfSF*BsmtHalfBath,558.5,182.17217131054895,196.0,698.0,631.0,631.0,196.0,625.0,570.0,698.0
MasVnrArea*BsmtHalfBath,558.6666666666666,107.42563319183493,414.0,698.0,600.0,600.0,414.0,594.0,446.0,698.0
BsmtHalfBath*Fireplaces,558.8333333333334,138.8371948242497,291.0,698.0,583.0,583.0,291.0,578.0,620.0,698.0
Condition2_RRNn,559.6666666666666,99.91129398955188,480.0,698.0,483.0,483.0,671.0,480.0,543.0,698.0
BsmtHalfBath*GarageYrBlt,560.3333333333334,220.53722285969477,113.0,698.0,643.0,643.0,113.0,637.0,628.0,698.0
FullBath*PoolArea,560.5,95.08469908455304,436.0,698.0,529.0,529.0,436.0,524.0,647.0,698.0
MasVnrType_Nonexistent,560.6666666666666,102.89152864384252,468.0,698.0,471.0,471.0,641.0,468.0,615.0,698.0
SaleType_Con,561.0,102.04116816265874,442.0,698.0,518.0,518.0,676.0,514.0,442.0,698.0
GarageCars*PoolArea,561.5,83.08730348254178,438.0,698.0,553.0,553.0,438.0,548.0,579.0,698.0
Condition1_PosN,562.3333333333334,110.60861931453022,462.0,698.0,465.0,465.0,619.0,462.0,665.0,698.0
Neighborhood_ClearCr,562.8333333333334,114.34756957044021,461.0,698.0,464.0,464.0,602.0,461.0,688.0,698.0
LowQualFinSF*TotalSF,563.3333333333334,113.86600312062713,396.0,698.0,534.0,534.0,396.0,529.0,689.0,698.0
GarageArea*PoolArea,563.6666666666666,71.98518366071359,485.0,698.0,560.0,560.0,485.0,555.0,524.0,698.0
GarageYrBlt*PoolArea,564.1666666666666,90.99542113022318,412.0,698.0,566.0,566.0,412.0,561.0,582.0,698.0
BsmtUnfSF*PoolArea,565.0,119.03780911962384,345.0,698.0,573.0,573.0,345.0,568.0,633.0,698.0
MiscFeature_Othr,566.8333333333334,118.05662483175887,458.0,698.0,461.0,461.0,674.0,458.0,649.0,698.0
BsmtHalfBath*WoodDeckSF,567.5,203.69560623636437,187.0,698.0,682.0,682.0,187.0,676.0,480.0,698.0
BsmtHalfBath*GarageCars,569.8333333333334,190.7914218896297,184.0,698.0,639.0,639.0,184.0,633.0,626.0,698.0
KitchenAbvGr*PoolArea,570.3333333333334,94.4704539349032,411.0,698.0,565.0,565.0,411.0,560.0,623.0,698.0
LotArea*BsmtFinSF2,570.3333333333334,82.4855542908373,510.0,698.0,522.0,522.0,510.0,518.0,652.0,698.0
PoolQC,570.5,99.30307145300189,393.0,698.0,576.0,576.0,609.0,571.0,393.0,698.0
LowQualFinSF*BsmtFullBath,570.6666666666666,111.31876152143747,362.0,698.0,586.0,586.0,362.0,581.0,611.0,698.0
HalfBath*PoolArea,572.0,102.39531239270673,432.0,698.0,615.0,615.0,432.0,609.0,463.0,698.0
BsmtFinSF2*KitchenAbvGr,572.1666666666666,245.02523679545067,78.0,698.0,689.0,689.0,78.0,683.0,596.0,698.0
LowQualFinSF*OpenPorchSF,573.5,77.73995111909963,453.0,698.0,578.0,578.0,453.0,573.0,561.0,698.0
Condition2_Feedr,573.6666666666666,108.13633370272301,474.0,698.0,477.0,477.0,649.0,474.0,667.0,698.0
BsmtFinSF2*LowQualFinSF,573.8333333333334,214.91246279977963,141.0,698.0,672.0,672.0,141.0,666.0,594.0,698.0
BsmtFinSF1*LowQualFinSF,574.1666666666666,90.4619625404328,441.0,698.0,604.0,604.0,441.0,598.0,500.0,698.0
Exterior1st_Stone,574.1666666666666,90.91406198529833,467.0,698.0,537.0,537.0,674.0,532.0,467.0,698.0
SaleType_Oth,574.3333333333334,90.37403756979471,452.0,698.0,546.0,546.0,663.0,541.0,452.0,698.0
2ndFlrSF*BsmtHalfBath,574.5,144.6288352991892,383.0,698.0,659.0,659.0,383.0,653.0,395.0,698.0
RoofMatl_WdShake,576.3333333333334,101.43898001590249,483.0,698.0,486.0,486.0,650.0,483.0,655.0,698.0
SaleType_ConLw,577.5,88.19693872238423,447.0,698.0,557.0,557.0,654.0,552.0,447.0,698.0
MasVnrType_BrkCmn,577.5,94.86358626996979,491.0,698.0,495.0,495.0,623.0,491.0,663.0,698.0
LowQualFinSF*HalfBath,577.8333333333334,143.04183537226677,381.0,698.0,662.0,662.0,408.0,656.0,381.0,698.0
BsmtHalfBath*TotRmsAbvGrd,578.6666666666666,193.48247121294133,186.0,698.0,651.0,651.0,186.0,645.0,641.0,698.0
Neighborhood_Mitchel,579.0,61.20130717558245,537.0,698.0,542.0,542.0,583.0,537.0,572.0,698.0
Exterior1st_AsphShn,579.3333333333334,111.78491251804361,390.0,698.0,568.0,568.0,689.0,563.0,390.0,698.0
Neighborhood_SawyerW,579.5,58.78009867293521,544.0,698.0,556.0,556.0,572.0,551.0,544.0,698.0
BsmtFinSF1*PoolArea,580.5,107.76966177918533,379.0,698.0,616.0,616.0,564.0,610.0,379.0,698.0
BldgType_TwnhsE,581.0,67.31418869748042,492.0,698.0,584.0,584.0,549.0,579.0,492.0,698.0
BsmtHalfBath*GarageArea,581.5,180.18851239743339,217.0,698.0,652.0,652.0,217.0,646.0,624.0,698.0
Condition2_PosN,584.0,116.22048012291121,476.0,698.0,479.0,479.0,689.0,476.0,683.0,698.0
BsmtFullBath*PoolArea,586.8333333333334,88.64404473322878,463.0,698.0,623.0,623.0,463.0,617.0,497.0,698.0
PoolArea*BsmtFinSF,587.5,81.81870201854831,457.0,698.0,613.0,613.0,537.0,607.0,457.0,698.0
Heating_GasW,587.8333333333334,60.72698466634636,544.0,698.0,549.0,549.0,619.0,544.0,568.0,698.0
Condition2_Norm,588.0,92.58077554222584,504.0,698.0,508.0,508.0,624.0,504.0,686.0,698.0
Exterior1st_ImStucc,588.3333333333334,106.85441809614923,402.0,698.0,582.0,582.0,689.0,577.0,402.0,698.0
Condition1_PosA,588.8333333333334,92.58815619001528,503.0,698.0,507.0,507.0,646.0,503.0,672.0,698.0
Exterior2nd_Other,589.1666666666666,83.47554532116976,521.0,698.0,525.0,525.0,689.0,521.0,577.0,698.0
RoofMatl_CompShg,590.0,72.93558802121225,525.0,698.0,530.0,530.0,612.0,525.0,645.0,698.0
BsmtHalfBath*FullBath,590.5,177.77485761490573,231.0,698.0,666.0,666.0,231.0,660.0,622.0,698.0
TotalBsmtSF*PoolArea,592.5,61.0663573500172,525.0,698.0,570.0,570.0,525.0,565.0,627.0,698.0
TotalBsmtSF*BsmtHalfBath,592.8333333333334,172.8657475229453,253.0,698.0,681.0,681.0,253.0,675.0,569.0,698.0
2ndFlrSF*LowQualFinSF,595.3333333333334,132.6629815233574,421.0,698.0,677.0,677.0,428.0,671.0,421.0,698.0
Neighborhood_Blmngtn,595.3333333333334,75.50805696524489,527.0,698.0,532.0,532.0,619.0,527.0,664.0,698.0
Condition1_RRAe,595.3333333333334,82.37151611246856,520.0,698.0,524.0,524.0,632.0,520.0,674.0,698.0
Exterior2nd_AsphShn,596.1666666666666,104.32720961794514,398.0,698.0,608.0,608.0,663.0,602.0,398.0,698.0
LowQualFinSF*BsmtFinSF,596.6666666666666,93.14003793571626,419.0,698.0,620.0,620.0,419.0,614.0,609.0,698.0
RoofStyle_Shed,597.6666666666666,86.91528442493107,449.0,698.0,591.0,591.0,671.0,586.0,449.0,698.0
Condition2_PosA,599.5,94.50449724748553,511.0,698.0,515.0,515.0,689.0,511.0,669.0,698.0
LowQualFinSF*Fireplaces,601.0,109.62116583944909,449.0,698.0,664.0,664.0,449.0,658.0,473.0,698.0
BsmtFullBath*EnclosedPorch,603.1666666666666,155.11468875211872,304.0,698.0,687.0,687.0,304.0,681.0,562.0,698.0
Condition2_Artery,604.3333333333334,85.92244565110252,523.0,698.0,528.0,528.0,671.0,523.0,678.0,698.0
GrLivArea*BsmtHalfBath,607.6666666666666,141.58625168661916,327.0,698.0,676.0,676.0,327.0,670.0,599.0,698.0
SaleCondition_Alloca,607.8333333333334,63.14559894930657,501.0,698.0,609.0,609.0,627.0,603.0,501.0,698.0
LotArea*BsmtHalfBath,608.0,87.26052945060556,484.0,698.0,653.0,653.0,484.0,647.0,513.0,698.0
MSSubClass_85,610.0,65.08148738312609,553.0,698.0,558.0,558.0,614.0,553.0,679.0,698.0
BsmtHalfBath*TotalSF,610.6666666666666,155.79302508991432,295.0,698.0,679.0,679.0,295.0,673.0,640.0,698.0
Heating_OthW,610.6666666666666,68.28665072081562,506.0,698.0,597.0,597.0,674.0,592.0,506.0,698.0
3SsnPorch*PoolArea,611.0,150.68842025849233,437.0,698.0,,,698.0,,437.0,698.0
3SsnPorch*ScreenPorch,611.6666666666666,149.53371972011308,439.0,698.0,,,698.0,,439.0,698.0
Foundation_Stone,611.8333333333334,98.9270775200939,416.0,698.0,638.0,638.0,649.0,632.0,416.0,698.0
MasVnrArea*PoolArea,612.1666666666666,51.60006459944277,545.0,698.0,599.0,599.0,545.0,593.0,639.0,698.0
Exterior2nd_Stone,616.8333333333334,79.27273596052218,465.0,698.0,630.0,630.0,654.0,624.0,465.0,698.0
MSSubClass_70,617.3333333333334,53.79467135940758,571.0,698.0,589.0,589.0,571.0,584.0,673.0,698.0
Fence_GdPrv,620.5,83.33006660263749,471.0,698.0,661.0,661.0,577.0,655.0,471.0,698.0
HouseStyle_2.5Unf,621.5,40.52036525008135,584.0,698.0,607.0,607.0,632.0,601.0,584.0,698.0
MiscFeature_TenC,622.8333333333334,55.068744916392156,578.0,698.0,592.0,593.0,689.0,587.0,578.0,698.0
Foundation_Wood,623.1666666666666,100.17268423410978,422.0,698.0,654.0,654.0,663.0,648.0,422.0,698.0
Neighborhood_NPkVill,623.1666666666666,53.596330720177725,574.0,698.0,579.0,579.0,639.0,574.0,670.0,698.0
Exterior1st_CBlock,623.5,56.152471005290586,576.0,698.0,581.0,581.0,689.0,576.0,616.0,698.0
SaleType_ConLI,625.6666666666666,116.82066027320111,389.0,698.0,673.0,673.0,654.0,667.0,389.0,698.0
RoofMatl_Roll,626.0,94.48809448814173,440.0,698.0,645.0,645.0,689.0,639.0,440.0,698.0
GarageType_Basment,626.1666666666666,55.51005914847026,580.0,698.0,585.0,585.0,615.0,580.0,694.0,698.0
MSSubClass_40,627.1666666666666,47.78458607821843,557.0,698.0,618.0,618.0,660.0,612.0,557.0,698.0
HouseStyle_2.5Fin,627.1666666666666,86.48333172737199,455.0,698.0,658.0,658.0,642.0,652.0,455.0,698.0
BsmtHalfBath*EnclosedPorch,631.5,89.44216008125028,457.0,698.0,674.0,674.0,457.0,668.0,618.0,698.0
SaleType_CWD,632.6666666666666,37.98245208865097,604.0,698.0,610.0,610.0,660.0,604.0,614.0,698.0
Exterior2nd_ImStucc,634.5,39.62701098998005,573.0,698.0,635.0,635.0,637.0,629.0,573.0,698.0
RoofStyle_Mansard,635.0,79.28429857165919,477.0,698.0,665.0,665.0,646.0,659.0,477.0,698.0
Exterior2nd_CBlock,636.1666666666666,62.351958001867644,576.0,698.0,581.0,581.0,689.0,576.0,692.0,698.0
RoofMatl_WdShngl,639.0,41.727688649145186,599.0,698.0,605.0,605.0,671.0,599.0,656.0,698.0
Condition1_RRAn,640.3333333333334,38.02981286657439,599.0,698.0,625.0,625.0,599.0,619.0,676.0,698.0
RoofMatl_Membran,640.8333333333334,44.06548157760978,600.0,698.0,606.0,606.0,689.0,600.0,646.0,698.0
RoofStyle_Flat,641.3333333333334,31.206836857757093,618.0,698.0,624.0,624.0,626.0,618.0,658.0,698.0
Condition2_RRAn,642.3333333333334,55.802031026358414,541.0,698.0,644.0,644.0,689.0,638.0,541.0,698.0
Condition1_RRNn,643.6666666666666,40.445848571474755,605.0,698.0,611.0,611.0,655.0,605.0,682.0,698.0
EnclosedPorch*PoolArea,644.6666666666666,117.50007092196442,405.0,698.0,690.0,690.0,698.0,687.0,405.0,698.0
GarageType_2Types,644.8333333333334,31.663333157876266,616.0,698.0,622.0,622.0,649.0,616.0,662.0,698.0
Utilities,645.3333333333334,36.87094610484883,583.0,698.0,647.0,647.0,656.0,641.0,583.0,698.0
MiscFeature_Gar2,648.8333333333334,78.37452817508164,490.0,698.0,680.0,680.0,671.0,674.0,490.0,698.0
Neighborhood_Blueste,652.1666666666666,30.740310126390508,622.0,698.0,628.0,628.0,671.0,622.0,666.0,698.0
MSSubClass_75,655.6666666666666,26.59824555617657,623.0,698.0,648.0,648.0,623.0,642.0,675.0,698.0
LowQualFinSF*PoolArea,659.5,64.55230437405004,563.0,698.0,,,692.0,685.0,563.0,698.0
LowQualFinSF*ScreenPorch,660.25,63.688696014284986,565.0,698.0,,,692.0,686.0,565.0,698.0
Condition1_RRNe,661.5,25.20119044807209,636.0,698.0,642.0,642.0,671.0,636.0,680.0,698.0
MSSubClass_80,665.5,44.99666654320073,575.0,698.0,683.0,683.0,575.0,677.0,677.0,698.0
RoofMatl_Tar&Grv,669.3333333333334,21.56540439376611,636.0,698.0,678.0,678.0,636.0,672.0,654.0,698.0
RoofMatl_Metal,670.1666666666666,16.570053309107568,648.0,698.0,668.0,669.0,676.0,662.0,648.0,698.0
LowQualFinSF*BsmtHalfBath,671.75,40.18602576352465,612.0,698.0,,,692.0,685.0,612.0,698.0
RoofMatl_ClyTile,672.3333333333334,44.45597072760118,621.0,698.0,,,698.0,,621.0,698.0
Condition2_RRAe,674.1666666666666,21.301799610987487,651.0,698.0,657.0,657.0,689.0,651.0,693.0,698.0
MasVnrArea*LowQualFinSF,677.0,36.373066958946424,635.0,698.0,,,698.0,,635.0,698.0
BsmtHalfBath*PoolArea,678.75,28.790912918257153,636.0,698.0,,,693.0,688.0,636.0,698.0
