,f_value,p_value,variance,correlation_to_target,LGBMRegressor_rfe_rank,RandomForestRegressor_rfe_rank,GradientBoostingRegressor_rfe_rank,ExtraTreesRegressor_rfe_rank,AdaBoostRegressor_rfe_rank,XGBRegressor_rfe_rank,LGBMRegressor_feature_importance,RandomForestRegressor_feature_importance,GradientBoostingRegressor_feature_importance,ExtraTreesRegressor_feature_importance,AdaBoostRegressor_feature_importance,XGBRegressor_feature_importance
1stFlrSF,848.3803400147291,6.298858873187529e-147,2894.0,0.609545555819366,26,73,629,106,665,75,45,0.0009645668518563678,0.0006584454897490328,0.0005378275337762002,0.00036991583214354365,0.0012350162
1stFlrSF*2ndFlrSF,271.21720291894457,5.995554681174387e-56,3288476.0,0.3986956140889004,118,100,627,68,664,129,9,0.0006049130155526327,0.0,0.000934745298117004,0.0006088293163965166,0.00022764126
1stFlrSF*3SsnPorch,6.00399325012538,0.014392248757470473,732536.0,0.06454870080742177,235,396,625,443,662,156,0,1.1920642728553757e-05,0.0,1.1869149349404496e-05,0.0,0.0
1stFlrSF*BsmtFinSF1,417.0502696276853,1.401241891350714e-81,5172432.0,0.4745345279635467,52,102,101,65,655,135,11,0.0010450019211700249,0.0004046927854648893,0.0008234189699423021,0.0,0.00013561863
1stFlrSF*BsmtFinSF2,2.8676025157789544,0.09059644557262686,2289122.0,0.04465807791915295,160,334,162,328,653,145,2,5.423105471468478e-05,0.0,7.45840646726152e-05,0.0,3.3508946e-05
1stFlrSF*BsmtUnfSF,215.28794780638202,1.6063899553031048e-45,6355932.0,0.3611852405112493,40,28,78,92,641,128,22,0.0013484568114625491,0.00019384068869515107,0.0005391750178885601,0.0,0.0005762422
1stFlrSF*EnclosedPorch,6.04828779180722,0.014037069468119641,939348.0,0.0647853720229713,163,192,158,296,639,88,3,0.00013520300812476464,0.0,0.00017949796287545564,0.0,0.00221374
1stFlrSF*GarageArea,1521.405271327157,1.7199086740229216e-227,2838380.0,0.7173654799660938,20,4,11,22,24,34,34,0.016580254307420647,0.013322872750712223,0.001945181288374072,0.003311747791665107,0.0052514104
1stFlrSF*GrLivArea,1542.3730820423357,1.076109025133965e-229,10308428.0,0.7197440606639969,22,11,8,15,11,28,108,0.008473486145972712,0.019642169326330408,0.0077360362926131975,0.06488881978628055,0.0068978327
1stFlrSF*LotArea,479.5000408180691,6.161350497997876e-92,95767100.0,0.5004568456638755,11,37,20,32,19,80,44,0.002063720665516934,0.002135845599139713,0.0015574957789771932,0.00838303981363545,0.0014301739
1stFlrSF*LotFrontage,747.309830995537,8.400079206978241e-133,286441.72727272724,0.5851835957637803,6,25,103,113,28,91,45,0.0021945300913470737,3.488078344920913e-05,0.0005517554921256637,0.0024156810746885546,0.0006327826
1stFlrSF*LowQualFinSF,3.31936220133691,0.06867646271677702,783644.0,0.048039630540146615,229,478,184,403,58,134,0,9.838354786220303e-06,0.0,6.090268553554499e-05,0.0,0.00015591079
1stFlrSF*MasVnrArea,456.727590053322,3.359616625947231e-88,2523118.0,0.49135946327610613,126,138,153,270,42,104,5,0.0002860805862469329,1.646037406972075e-05,0.00017655881426867546,0.0,0.0020393757
1stFlrSF*OpenPorchSF,318.1799066574801,1.9426706099350577e-64,866448.0,0.4260132754132201,137,113,129,180,38,111,3,0.0004584080003738995,3.692264878486601e-05,0.00024133245853936089,0.001244609345607874,0.0006454239
1stFlrSF*PoolArea,2.052213363953451,0.15220289315995597,1162350.0,0.03778983378638074,270,542,200,546,62,153,0,5.720313208598169e-07,0.0,1.3887800418583523e-06,0.0,0.0
1stFlrSF*ScreenPorch,31.7416872781912,2.1163069419801362e-08,760320.0,0.14710864204427465,157,346,186,257,70,126,4,3.068059167525926e-05,0.0,9.011824433741354e-05,0.0,0.0004985944
1stFlrSF*TotalBsmtSF,956.4094635975987,2.393457514539486e-161,10329600.0,0.6324045131467729,42,56,199,55,82,130,17,0.0012088974329135741,1.707994596152288e-05,0.0009002405260359015,0.0,0.0006723332
1stFlrSF*WoodDeckSF,322.8375847404337,2.8780040235033877e-65,1196376.0,0.42855115683323,46,135,131,166,73,87,12,0.00036215787188626766,0.00014881686512708514,0.0003154911958978912,0.0,0.0007649704
1stFlrSF^2,751.5829788142992,2.060242510708652e-133,10308428.0,0.5862805498351786,290,31,50,145,63,197,0,0.0010789663776777966,0.00028880687817194707,0.0006185945434197093,0.004186781345732898,0.0
2ndFlrSF,150.09483058176482,6.823978651199466e-33,1818.0,0.307719659117065,32,119,40,121,87,67,15,0.0005244249956628678,0.000605811209267554,0.0012172529877790648,0.0,0.0012790731
2ndFlrSF*3SsnPorch,2.4920511863781907,0.11464290564330834,203105.0,0.04163664745744033,259,476,198,481,80,173,0,1.4777076532169835e-08,0.0,2.187786087332699e-06,0.0,0.0
2ndFlrSF*BsmtFinSF1,210.97990045615185,1.0571552387876294e-44,2491052.0,0.35802081572430444,133,80,125,181,76,211,4,0.0008671558667454396,5.7050196252476575e-05,0.0002530466062078645,0.0007112850449350976,0.0
2ndFlrSF*BsmtFinSF2,4.219790232496149,0.04013589879166484,1734898.0,0.05414793141597385,171,307,195,365,90,215,2,3.0865952459038583e-05,0.0,8.918835139314687e-05,0.0,0.0
2ndFlrSF*BsmtUnfSF,127.32669385061477,2.3684113399175705e-28,2672460.0,0.2854787619158575,87,106,111,242,95,101,11,0.0005169450204673594,0.00013284736893328346,0.0003168442670948647,0.0,0.0011394466
2ndFlrSF*EnclosedPorch,0.6608874115629065,0.41638168045658064,509520.0,0.02145545877804887,169,158,182,325,92,222,5,0.00022262686838004354,0.0,0.00013797590827190534,0.0,0.0
2ndFlrSF*GarageArea,324.51563699796037,1.4483000749523078e-65,1581660.0,0.42945854540852113,89,71,52,170,102,226,15,0.0008891304938943573,0.0008779640749983987,0.0011170431597417204,0.0,0.0
2ndFlrSF*GrLivArea,265.3336384382509,7.214042004444808e-55,6514092.0,0.39502909411257087,152,45,207,62,103,229,5,0.0010911688391540815,0.0,0.0013261553423323759,0.0,0.0
2ndFlrSF*LotArea,244.60047250511084,4.965923025187774e-51,85017856.0,0.38161518868504946,60,78,34,119,99,41,12,0.0008189769351341201,0.001979234361931321,0.0004860216299313486,0.0,0.009054638
2ndFlrSF*LotFrontage,233.47901073803015,5.9530480724234026e-49,226896.0,0.37407918942558593,134,55,69,52,112,125,4,0.0009655490790370363,0.0005958336890175724,0.0015967415786313133,0.0,0.0017289453
2ndFlrSF*LowQualFinSF,0.01757404637919574,0.8945543077171352,741600.0,0.0034995102850401932,330,477,233,449,114,186,0,1.3073184440123245e-06,0.0,1.634945455728341e-05,0.0,0.0
2ndFlrSF*MasVnrArea,179.1430998817543,1.3843661447443954e-38,2474888.0,0.33314172141684295,144,171,119,327,107,191,4,0.0001815773103983456,8.020060805978785e-05,0.0001590272550786361,0.0,0.0
2ndFlrSF*OpenPorchSF,130.86104166195395,4.623394455611235e-29,660776.0,0.28908700978744,158,117,219,278,137,143,5,0.00038497223581815057,0.0,0.00017015252646441166,0.0,0.00010606056
2ndFlrSF*PoolArea,2.463108189396699,0.11676841247259721,722448.0,0.04139457140550691,344,522,247,561,132,201,0,0.0,0.0,0.0,0.0,0.0
2ndFlrSF*ScreenPorch,19.615369527243065,1.0188574440511371e-05,612480.0,0.11612458127578545,348,420,238,402,116,203,0,1.892318924614826e-05,0.0,6.625967669253555e-05,0.0,0.0
2ndFlrSF*TotalBsmtSF,306.01747740804575,2.9144303682772082e-62,3466280.0,0.4192485314024647,43,30,25,73,128,110,17,0.0014789383804442603,0.0009657440810163151,0.0014511835662648989,0.0,0.0014125655
2ndFlrSF*WoodDeckSF,158.51076578039496,1.4907932733462408e-34,895440.0,0.3153928772331701,161,150,250,300,129,235,5,0.00026406650711780036,0.0,0.00023111880054535548,0.0,0.0
2ndFlrSF^2,249.32166349526406,6.5739332138650556e-52,3305124.0,0.3847401329117607,278,66,191,84,141,270,0,0.0005766691390132598,6.1927557535789e-05,0.0013161925352058496,0.0,0.0
3SsnPorch,4.309774558422415,0.03807167950244049,508.0,0.05472051034895508,324,444,261,498,147,241,0,2.4365273641486886e-06,0.0,2.2012133462664577e-05,0.0,0.0
3SsnPorch*BsmtFinSF1,7.299165218648442,0.006979920242902734,406144.0,0.07113919082711298,325,472,272,397,150,243,0,9.226718397836377e-07,0.0,7.878336744860034e-06,0.0,0.0
3SsnPorch*BsmtFinSF2,1.1357237512992153,0.2867370088157333,19720.0,0.02812150836693677,354,569,279,548,146,245,0,9.614952303061375e-12,0.0,0.0,0.0,0.0
3SsnPorch*BsmtUnfSF,3.137432419471964,0.07672638657082867,723392.0,0.04670754003401323,361,456,278,465,155,286,0,6.0563701347897486e-06,0.0,1.5951337089971645e-05,0.0,0.0
3SsnPorch*EnclosedPorch,0.04305365971370652,0.8356537077504606,11760.0,0.00547737621467809,364,570,276,551,167,251,0,1.4966308716017246e-09,0.0,6.876056760313148e-10,0.0,0.0
3SsnPorch*GarageArea,5.676067453673314,0.017327465194726388,254000.0,0.06276833419629986,368,423,289,463,156,257,0,1.3660416044038512e-06,0.0,9.002692576265451e-06,0.0,0.0
3SsnPorch*GrLivArea,6.4791913720949,0.01101834062871984,732536.0,0.0670434284583592,393,443,288,471,172,261,0,1.7336697468895184e-05,0.0,2.1763177577031057e-05,0.0,0.0
3SsnPorch*LotArea,4.791657704120428,0.028758543538097685,6026490.0,0.05768900742448767,397,434,268,450,170,302,0,7.900806475795816e-07,0.0,1.780795331954845e-05,0.0,0.0
3SsnPorch*LotFrontage,4.3718170693708815,0.036713546507027295,50292.0,0.05511178699723566,190,332,298,358,174,265,2,1.8160590079965302e-06,0.0,1.5114019932996222e-05,0.0,0.0
3SsnPorch*LowQualFinSF,0.27276496903703656,0.6015636202879084,20160.0,0.013785644497485356,404,664,292,665,182,273,0,1.2622996241799247e-08,0.0,0.0,0.0,0.0
3SsnPorch*MasVnrArea,8.319724246741941,0.0039802334208356984,129504.0,0.07592297068885606,408,500,285,459,184,277,0,1.329855846698045e-06,0.0,1.088783628502049e-05,0.0,0.0
3SsnPorch*OpenPorchSF,8.924595091241011,0.002861312378054,23520.0,0.07861800221499551,412,461,300,445,188,283,0,6.876751849777646e-06,0.0,6.379554490624654e-06,0.0,0.0
3SsnPorch*PoolArea,,,0.0,,416,660,306,661,173,289,0,0.0,0.0,0.0,0.0,0.0
3SsnPorch*ScreenPorch,,,0.0,,420,524,310,567,200,293,0,0.0,0.0,0.0,0.0,0.0
3SsnPorch*TotalBsmtSF,6.431030641051073,0.011319675325862127,723392.0,0.06679490797068272,424,458,314,423,220,297,0,8.24452211669503e-07,0.0,2.9094929404869596e-05,0.0,0.0
3SsnPorch*WoodDeckSF,2.187844817744614,0.13932330914067373,88060.0,0.03901678581522693,374,467,365,495,202,305,0,6.939449140298568e-06,0.0,5.825986312323396e-06,0.0,0.0
3SsnPorch^2,2.342062808384946,0.12614310904661283,258064.0,0.04036632395475942,376,450,320,452,223,314,0,7.890613533294028e-06,0.0,5.379804511072196e-06,0.0,0.0
BedroomAbvGr,64.01899663220033,2.5192843900170226e-15,0.661850129469256,0.2066573534457116,79,98,135,48,205,316,10,0.00046384326027591494,3.349832318220756e-05,0.0015900352868251603,0.0,0.0
BsmtFinSF,217.54697002746732,5.993029180890784e-46,2306.0,0.3628270128998221,28,32,94,85,166,116,24,0.0018575031710726577,0.0006165333117495822,0.0011331173526051713,0.0,0.00044744415
BsmtFinSF1,241.67777740560845,1.7414605103849688e-50,2188.0,0.37965887369352264,103,129,164,117,187,132,15,0.00039405941883304755,0.0,0.0004189273750105161,0.0008145115877206182,0.00019307586
BsmtFinSF1*BsmtFinSF2,4.210147106977647,0.040363981101905234,952413.0,0.05408620740777437,104,204,348,281,216,338,10,0.0001091675817525238,0.0,0.0001443288921079286,0.0,0.0
BsmtFinSF1*BsmtUnfSF,281.6296094699812,7.502225777422097e-58,2423839.0,0.4050427442813978,29,47,355,109,22,86,28,0.0015674037776631984,0.0,0.0006559928603560819,0.003701246262125689,0.0009985624
BsmtFinSF1*EnclosedPorch,0.2879365774186202,0.5916290402304325,358221.0,0.014163771170657365,70,58,96,64,109,70,12,0.00099613334601994,0.0001408224742480736,0.000623651137595058,0.0006281570188007626,0.0018235809
BsmtFinSF1*GarageArea,488.8727125737878,1.8397756018145359e-93,2220064.0,0.5040919139382407,48,16,37,67,10,94,23,0.006868281645807599,0.001282073700931937,0.0008783878282715167,0.012706827717265178,0.0057092053
BsmtFinSF1*GrLivArea,566.2554233468935,8.984637538306098e-106,5172432.0,0.5319305411351195,9,5,4,13,16,15,36,0.011332677545818886,0.021005567266524357,0.0028640062962855873,0.01264580383579547,0.015224324
BsmtFinSF1*LotArea,286.6267512734555,9.252398628654094e-59,75761664.0,0.40802695986578225,41,20,35,51,229,33,27,0.0029554820050835358,0.002075740811008089,0.0007559307263670303,0.0028613276639183794,0.0028665678
BsmtFinSF1*LotFrontage,313.33486101067814,1.4238008288669758e-63,236600.0,0.42334267483518123,59,38,118,137,247,46,15,0.001752823560194593,0.00022377556775332114,0.000598327979270351,0.0003493562074763653,0.004322176
BsmtFinSF1*LowQualFinSF,0.9252748702281408,0.3362558193519276,207631.0,0.025384549690608438,462,433,361,507,258,362,0,5.2398950305131076e-06,0.0,2.4471551072198643e-05,0.0,0.0
BsmtFinSF1*MasVnrArea,273.9256488183111,1.9132888802931217e-56,2096200.0,0.4003637657329234,120,109,227,225,270,346,11,0.00042449805166770347,0.0,0.00032182286746420234,0.0,0.0
BsmtFinSF1*OpenPorchSF,228.14474344054537,5.982015949393084e-48,459507.0,0.37037375932083205,61,62,28,193,280,23,16,0.001232567925413164,0.0017250729811391285,0.0003387222978374585,0.0,0.0042636646
BsmtFinSF1*PoolArea,0.671975719003551,0.4124997579348264,429624.0,0.021634615384116356,470,437,393,521,277,377,0,1.34491705879047e-08,0.0,5.929357463037971e-07,0.0,0.0
BsmtFinSF1*ScreenPorch,30.830652683732566,3.3498380548327535e-08,601128.0,0.14502719918711893,130,267,145,364,272,378,4,2.8642055961083282e-05,4.4683955597156064e-05,4.771068253668279e-05,0.0,0.0
BsmtFinSF1*TotalBsmtSF,421.10728442487147,2.9043726901222443e-82,5467098.0,0.4763156372209535,86,53,399,98,269,140,8,0.0009493634731874184,0.0,0.0011417515081797694,0.0010182780015390764,0.0011659614
BsmtFinSF1*WoodDeckSF,203.92253616286396,2.341268843241145e-43,712248.0,0.35273893419019625,71,122,404,213,316,108,9,0.0004001599782537961,6.00573259789599e-06,0.000308391528598717,0.0,0.002043094
BsmtFinSF1^2,349.1278495060729,6.59978098577775e-70,4787344.0,0.44236347442829993,518,72,411,153,300,393,0,0.000740861438216186,1.935231566777273e-06,0.0004474706403986413,0.0,0.0
BsmtFinSF2,0.0028484342826922745,0.9574439587095909,1474.0,0.0014088888123130398,184,333,419,383,282,399,2,7.75422475830301e-05,9.50087853232835e-06,8.560303686409476e-05,0.0,0.0
BsmtFinSF2*BsmtUnfSF,2.8974955444085255,0.08893388001697344,858389.0,0.0448897746030229,491,254,165,377,299,401,0,6.405705278421836e-05,0.0,7.831023311787045e-05,0.0,0.0
BsmtFinSF2*EnclosedPorch,0.4039614368882427,0.5251518047301502,173880.0,0.016775786251091666,197,153,422,182,296,405,3,0.00028041397377780354,0.0,0.0003669929553255152,0.0,0.0
BsmtFinSF2*GarageArea,2.483432192330698,0.11527136103833877,849024.0,0.04156470756522698,187,236,420,352,301,409,2,6.47146225862433e-05,7.42038418618162e-05,5.399186274301729e-05,0.0,0.0
BsmtFinSF2*GrLivArea,4.0100248188005825,0.04541833917048784,4024020.0,0.05278877944171023,188,189,427,294,314,413,2,9.240735142896224e-05,3.7220622840296393e-05,0.00012139388533035179,0.0,0.0
BsmtFinSF2*LotArea,2.812242351230116,0.09376532759437858,41567552.0,0.04422575783725865,511,325,431,388,318,417,0,4.217927545282731e-05,0.0,0.00011163052007999448,0.0,0.0
BsmtFinSF2*LotFrontage,0.41646727588982446,0.5188082552249798,126764.0,0.017033405247715933,156,344,147,311,328,421,1,1.6263643279273782e-05,8.471753691481832e-05,9.873981148368457e-05,0.0,0.0
BsmtFinSF2*LowQualFinSF,0.027962966507091676,0.8672194781784577,269880.0,0.004414295877930013,524,551,441,532,331,425,0,6.073246069923779e-09,0.0,3.2035367060788912e-09,0.0,0.0
BsmtFinSF2*MasVnrArea,5.3495808301262375,0.020868097828012737,275310.0,0.06094329364022518,528,388,447,416,338,429,0,2.0993795553379992e-05,0.0,2.8431233338975582e-05,0.0,0.0
BsmtFinSF2*OpenPorchSF,2.879134503351667,0.08995110410200179,453530.0,0.04474760401931435,532,358,79,380,329,106,0,2.821300272094126e-05,0.0001824093904287472,3.880733716039479e-05,0.0,0.00040999078
BsmtFinSF2*PoolArea,0.7958065074247762,0.3724996795500698,244296.0,0.023542761486549327,535,578,488,537,327,366,0,0.0,0.0,1.714255653838257e-10,0.0,0.0
BsmtFinSF2*ScreenPorch,3.224194256380346,0.072767817115763,338520.0,0.04734752748607513,536,487,456,502,365,441,0,2.9935322590319976e-06,0.0,8.404506729595433e-06,0.0,0.0
BsmtFinSF2*TotalBsmtSF,3.6605917540124677,0.05591265454704224,2213948.0,0.05044248515016959,544,359,458,345,339,442,0,3.352731019687656e-05,0.0,4.2045821563224056e-05,0.0,0.0
BsmtFinSF2*WoodDeckSF,0.41498315958365634,0.5195539755464182,441720.0,0.017003036961707074,141,289,54,355,342,99,4,2.3501113477496552e-05,0.0004698803961489297,5.454754860712715e-05,0.0,0.00075643434
BsmtFinSF2^2,1.954220349984262,0.16234883131788133,2172676.0,0.03687782504297825,305,367,410,210,349,462,0,2.5620873377367757e-05,0.0,0.00012768888740710813,0.0,0.0
BsmtFullBath,81.09068138343403,6.684148650341139e-19,0.26324656689761444,0.2312719092321763,98,139,74,83,336,82,9,0.00035188229598280833,8.477885604837297e-05,0.0008680873218028295,0.0026540320231265174,0.001865819
BsmtHalfBath,0.5664586798543129,0.4517930270261946,0.055973721639404755,0.019864263457922613,430,233,418,196,374,131,0,7.963294791411867e-05,0.0,0.0004163361704909567,0.0,0.00025953515
BsmtUnfSF,78.1293519841452,2.765376191882407e-18,2336.0,0.22723178663179822,5,9,33,152,368,55,35,0.0006815567787594709,0.00014967371481311922,0.0004964868528811838,0.000760387777234578,0.0021605364
BsmtUnfSF*EnclosedPorch,14.102718252016786,0.0001800142443647772,572979.0,0.09865107661232803,93,136,483,215,375,81,8,0.00019502411174958094,0.0,0.0003274446100948097,0.0,0.00158083
BsmtUnfSF*GarageArea,328.0380447775546,3.433805534971335e-66,2838380.0,0.4313514530091904,38,41,56,110,376,53,28,0.001280252859826271,0.0006362052194294943,0.0005870607614763515,0.0,0.0015763794
BsmtUnfSF*GrLivArea,302.2134330659831,1.4072391691069264e-61,6355932.0,0.41709049483633015,50,64,76,159,385,120,30,0.0008671492164690665,0.0002729867912138738,0.00034814455423085386,0.0,0.00076512364
BsmtUnfSF*LotArea,191.46199656536962,5.747897884812951e-41,41359200.0,0.3430989047110962,15,44,61,132,384,66,20,0.0014338388221243092,0.00019643731453986889,0.00043718484409704787,0.0,0.0018613545
BsmtUnfSF*LotFrontage,156.46004678142899,3.7774691759515594e-34,240608.0,0.31354787209428353,34,57,83,133,35,495,22,0.001103156800046263,0.0002046580320460325,0.0005255980672852408,0.0012103758968034885,0.0
BsmtUnfSF*LowQualFinSF,5.043766856063656,0.024866343521731928,609760.0,0.059182002485728746,254,449,126,244,389,491,0,3.645927337079293e-06,8.146727403604547e-05,7.985044225609583e-05,0.0,0.0
BsmtUnfSF*MasVnrArea,243.39475305026576,8.330647669367446e-51,2153792.0,0.3808101796958119,54,94,120,206,218,468,26,0.00047602502201300067,0.0001568460678686255,0.00026969258174993173,0.001324340875829846,0.0
BsmtUnfSF*OpenPorchSF,175.1745955398827,8.176749984603629e-38,620974.0,0.32983677582902704,99,90,137,272,391,139,13,0.0007186217532091921,6.221594469912253e-05,0.00022881195745943247,0.0,0.00014246316
BsmtUnfSF*PoolArea,1.5161317049194187,0.21840757673284555,514386.0,0.03248726949953006,464,655,354,544,407,521,0,2.5696994979102228e-06,3.6440465955135746e-05,1.6687545935201915e-06,0.0,0.0
BsmtUnfSF*ScreenPorch,17.710683852776054,2.7313976991147086e-05,488160.0,0.11041500592148279,193,282,521,405,399,526,1,3.743773961631211e-05,0.0,5.259538989737299e-05,0.0,0.0
BsmtUnfSF*TotalBsmtSF,222.6127561079089,6.600960298525073e-47,6300800.0,0.36646582730319843,58,68,132,74,420,112,28,0.0010433334682663986,0.00012660673062955924,0.000525548726190855,0.0009097123190016476,0.00050843885
BsmtUnfSF*WoodDeckSF,204.2113777157787,2.0619251182301506e-43,967764.0,0.3529575593932566,45,101,130,171,413,79,17,0.00046220537910197923,9.701470369724871e-05,0.0002681548304608927,0.0,0.0031182214
BsmtUnfSF^2,100.26277755411742,7.359935600518806e-23,5456896.0,0.25555154180686046,643,82,128,34,431,505,0,0.0010249791193660998,0.0003061751636990736,0.0005620220968932889,0.0036138846759197277,0.0
EnclosedPorch,35.1163882757373,3.8829677657502555e-09,386.0,0.15455357728824676,44,263,530,280,398,561,11,0.00015945015866522923,0.0,0.0002162196831383238,0.0,0.0
EnclosedPorch*GarageArea,1.6183530068636405,0.20352769672341128,333504.0,0.033563398114682494,124,79,571,103,472,565,7,0.0004755872095917282,0.0,0.0003733482988356807,0.0,0.0
EnclosedPorch*GrLivArea,4.732120776396093,0.029767139835510492,1019040.0,0.057330676074249326,75,164,107,256,455,117,7,0.0001512387444562712,0.00014700186580245245,0.00022456716647368443,0.0,0.000623036
EnclosedPorch*LotArea,7.991554119231434,0.004764812292798751,7660620.0,0.07441898250972956,95,221,534,228,479,124,14,0.00012148750932733787,0.00022933234097200988,0.00028987484375450845,0.0,0.0018445753
EnclosedPorch*LotFrontage,16.083032895623248,6.374500913394885e-05,35148.0,0.10527805264543752,121,154,536,163,473,577,9,0.00016957738726478303,0.0,0.0001843446590940592,0.0,0.0
EnclosedPorch*LowQualFinSF,6.852627733538723,0.00894418972594715,80028.0,0.06893950061844446,603,499,546,442,470,581,0,1.716624337450537e-07,0.0,6.610414656385952e-05,0.0,0.0
EnclosedPorch*MasVnrArea,6.567953790909064,0.010484367906477369,140616.0,0.0674990226694836,212,459,549,404,460,585,1,1.8796385215978434e-05,0.0,6.040778717056868e-05,0.0,0.0
EnclosedPorch*OpenPorchSF,0.028487938355658028,0.8659905642724703,60145.0,0.0044555389963210415,117,247,72,351,496,44,11,9.606476296170126e-05,0.0001466421372764449,7.291694978596058e-05,0.0,0.0046233167
EnclosedPorch*PoolArea,,,0.0,,653,631,560,581,419,508,0,0.0,0.0,0.0,0.0,0.0
EnclosedPorch*ScreenPorch,1.564127754186411,0.2112657408016922,27216.0,0.032996935085693145,657,504,573,491,492,512,0,8.264712934553685e-06,0.0,7.6060320375589915e-06,0.0,0.0
EnclosedPorch*TotalBsmtSF,5.522508292254625,0.01890816164906887,931200.0,0.06191675168512701,151,96,566,262,493,568,9,0.00031598500581394266,1.239876460231332e-06,0.000176350597086203,0.0,0.0
EnclosedPorch*WoodDeckSF,0.20549627197343925,0.6503890549181806,81092.0,0.011965887883002714,224,315,579,368,503,634,3,3.453750482595739e-05,0.0,9.701345563600813e-05,0.0,0.0
EnclosedPorch^2,13.076560709085442,0.00030936766757768276,148996.0,0.09502787226768002,472,200,628,212,509,639,0,0.00010154022985904768,0.0,0.0002042969521606559,0.0,0.0
Fireplaces,429.7455730081268,1.0299735589136628e-83,0.40494360932294865,0.4800604339463244,183,123,159,38,568,334,3,0.0005975966231680434,0.0,0.001965899547865738,0.0,0.0
FullBath,789.3038785690368,9.491267045682528e-139,0.2990088471061793,0.5956965143456823,84,75,51,33,584,36,16,0.0009941732139153623,0.0013482478737508459,0.0029223033832786655,0.0,0.0030358895
GarageArea,1072.4634390702217,3.9615747777657326e-176,1390.0,0.653994269914561,2,39,63,47,587,65,42,0.0010530070951524524,0.000496084002377367,0.0016597035884956214,0.0,0.0009741214
GarageArea*GrLivArea,2170.68408480216,2.1677943506256613e-289,3495258.0,0.775897717986152,16,3,3,6,4,9,56,0.0180446771473436,0.05953085848089269,0.03911441563066105,0.05898735135850574,0.06692472
GarageArea*LotArea,688.0870213783268,3.230862150859027e-124,44996864.0,0.5692955452073097,18,10,22,37,523,47,42,0.005099209201990201,0.005616669302242976,0.002208061118897611,0.0001819929970039256,0.030588185
GarageArea*LotFrontage,1015.3342956650405,6.114755159185579e-169,149760.0,0.6437123755705875,8,19,29,35,597,42,40,0.0038435945065459142,0.0019903657235762168,0.0017514395501249886,0.0,0.0040476797
GarageArea*LowQualFinSF,2.3409536589669377,0.12623278684062533,348480.0,0.04035678009238273,563,447,332,431,602,470,0,1.7425254108057214e-05,0.0,2.394109325271034e-05,0.0,0.0
GarageArea*MasVnrArea,488.58975334336947,2.0449933915326106e-93,1112046.0,0.5039830725335118,33,67,366,96,605,63,17,0.000552241208658054,0.0,0.00029736525169305074,0.0,0.0018776038
GarageArea*OpenPorchSF,420.8452274789182,3.214799362991158e-82,441760.0,0.47620102520136093,83,95,55,239,610,26,9,0.0005219086091169716,0.0008513142155754839,0.0002843012497930026,0.0,0.013414146
GarageArea*PoolArea,1.9510733907813904,0.16268720365550463,318816.0,0.03684816051012393,550,529,460,523,612,484,0,4.562058780891724e-09,0.0,9.490436905176477e-06,0.0,0.0
GarageArea*ScreenPorch,34.52508007153641,5.223201152122254e-09,261685.0,0.15327765447018932,554,306,464,318,616,496,0,2.7647995404872496e-05,0.0,7.652041038243667e-05,0.0,0.0
GarageArea*TotalBsmtSF,1616.939567671235,2.085072294319072e-237,2838380.0,0.7278785637204147,27,17,39,30,31,45,43,0.005350614969705838,0.0007936366745407646,0.0025831037536315875,0.0010536518835111354,0.0029553783
GarageArea*WoodDeckSF,375.73300771099605,1.564851461380627e-74,595284.0,0.4555252606655973,96,77,151,66,576,133,11,0.0005139820786122777,1.4128277480017e-05,0.00035161595094839625,0.002884452153632698,0.00021487812
GarageArea^2,821.315661904715,3.305200248470024e-143,1932100.0,0.6033302814124216,584,70,87,78,625,596,0,0.0010520752405292824,0.00030460169845826377,0.0008110032010005368,0.0013279757899925942,0.0
GarageCars,1234.181067326951,1.2752218067135034e-195,0.5585284815413694,0.6799867059145506,94,21,17,16,32,618,10,0.007309377541281898,0.008328674848604674,0.008054415304173472,0.0010440751207050993,0.0
GrLivArea,1518.3671920431245,3.5982805190932586e-227,3293.0,0.7170173795812346,4,35,553,26,3,62,55,0.002729505170657458,0.00012216315650653378,0.0024014613733024577,0.07951870380812079,0.0043801074
GrLivArea*LotArea,640.7481212093962,3.5191112323352155e-117,174509106.0,0.5555924609041634,10,6,6,24,6,14,55,0.010525282658747782,0.013674401199235976,0.002070858787325335,0.016568625840983387,0.018165309
GrLivArea*LotFrontage,1157.7691577253647,1.4581791173382821e-186,472926.0,0.6682347587694265,25,14,15,21,15,27,40,0.004007627404885436,0.004429655061319469,0.00262090881524593,0.012888392580009457,0.0132221
GrLivArea*LowQualFinSF,2.1943405742718816,0.1387380124330383,1748425.0,0.039074575405125454,385,412,259,295,59,236,0,3.577246664178994e-05,0.0,6.680531168398944e-05,0.0,0.0
GrLivArea*MasVnrArea,439.8672476757789,2.0997697335751717e-85,4998006.0,0.48436812062854,125,89,266,174,34,240,6,0.00036722942605867256,7.523563482622186e-06,0.00030018628849099653,0.0002355103819899296,0.0
GrLivArea*OpenPorchSF,306.21113574558143,2.6901866608005033e-62,1527224.0,0.4193578452984896,80,60,231,141,53,244,9,0.0007551369283561155,1.4327061669893025e-06,0.0002818318934832983,0.0008023301722065981,0.0
GrLivArea*PoolArea,2.5044120295565255,0.11374820534265369,1624338.0,0.041739601405931255,403,521,178,510,49,248,0,9.999898028564158e-07,0.0,1.686547786299077e-06,0.0,0.0
GrLivArea*ScreenPorch,33.687384661196056,7.95339199695678e-09,1340160.0,0.1514498911552748,140,276,275,299,61,252,3,7.193485265066275e-05,0.0,7.799031673008766e-05,0.0,0.0
GrLivArea*TotalBsmtSF,2082.520059195911,1.1312146979118385e-281,10329600.0,0.7694427382530932,30,7,68,7,5,10,36,0.017424446049591105,0.0012786028491719847,0.02385938374159144,0.07526014943222152,0.043734375
GrLivArea*WoodDeckSF,348.04152753074345,1.022961212537537e-69,1835288.0,0.4418092496704296,69,59,102,214,46,260,8,0.0004575649226565839,0.00018904256244916027,0.00020802391969159864,0.0007359423442943134,0.0
GrLivArea^2,1195.340183087873,4.7536069953652155e-191,13043573.0,0.6741240166393657,458,18,21,19,9,264,0,0.0023096073209567685,0.0024008746111666406,0.001760356304372277,0.07668843928542086,0.0
HalfBath,158.20552780567695,1.7119195691531713e-34,0.2529519813614635,0.3151192431327416,139,120,47,56,40,25,5,0.0004418485934121407,0.0006590430539696498,0.0016408432063504297,0.0,0.007015386
KitchenAbvGr,32.11991731547756,1.7492782012249443e-08,0.04925691378417787,0.1479634342538383,155,163,58,77,110,20,5,0.00019276227888432904,0.00045062748384195646,0.002401642811881345,0.0006576296270370699,0.0072822752
LotArea,209.91681043389116,1.684254027460555e-44,55900.0,0.35723305693283286,3,63,154,104,138,93,53,0.0009704257448821664,0.0001980345422044475,0.0006053615179397097,0.0,0.0020816438
LotArea*LotFrontage,265.0830432014977,8.021918736620511e-55,4552609.666666667,0.39487160594432424,21,42,48,112,126,60,55,0.0011698563583624351,0.0005088690838059726,0.0006366684829788551,0.0,0.0013008496
LotArea*LowQualFinSF,2.6250276586256893,0.10541038410334128,8636370.0,0.042731105580581394,340,281,183,399,145,285,0,1.028325320986124e-05,0.0,5.9358574019578116e-05,0.0,0.0
LotArea*MasVnrArea,341.25310307724163,1.591843056636717e-68,49277280.0,0.4383145422566396,63,51,59,124,117,255,11,0.0006177322670834681,0.0011033102040675052,0.000269783416061131,0.0,0.0
LotArea*OpenPorchSF,207.95684885167637,3.978094821544208e-44,12267717.0,0.3557734501585698,14,22,42,72,79,68,20,0.0008316815399733953,0.0007211475351388772,0.0003660763205888287,0.0,0.0011820121
LotArea*PoolArea,2.4210712354434953,0.1199335445182852,14531220.0,0.04104041847757165,508,503,217,648,136,303,0,3.037946261582165e-08,0.0,4.875406946538401e-06,0.0,0.0
LotArea*ScreenPorch,25.809280593539054,4.263930406016122e-07,11235840.0,0.1329202624013165,166,149,117,329,158,221,3,7.043148797176177e-05,0.00012827573879258195,4.658714372433773e-05,0.0,0.0
LotArea*TotalBsmtSF,651.9267105945049,7.417450541988316e-119,88281600.0,0.5589150303101771,23,8,23,42,51,77,51,0.003025880703892483,0.0026059472221091006,0.0008315365706506184,0.002706575532548799,0.0011472245
LotArea*WoodDeckSF,196.38769848942633,6.49290430880811e-42,26912512.0,0.3469593125880323,17,36,38,157,78,24,16,0.0009356350713709727,0.0009003317314884359,0.0003651320088684168,0.0012471951907019635,0.003024233
LotArea^2,81.01430842173646,6.933181258700082e-19,3270150000.0,0.23116879775738605,285,27,67,143,74,319,0,0.0010312906099417222,0.00014085759581932493,0.0004841555459548217,0.0,0.0
LotFrontage,221.50980476340746,1.0664461550584012e-46,161.0,0.3656785378376764,7,49,66,164,27,98,45,0.0004893114512462416,3.460744229642241e-05,0.0003954231742528125,0.0,0.000518
LotFrontage*LowQualFinSF,4.417976155698339,0.03573611242167799,66102.0,0.05540107894544771,300,425,384,418,160,329,0,2.3660471612100533e-06,0.0,3.924428753033837e-05,0.0,0.0
LotFrontage*MasVnrArea,401.5246318373258,5.971352550396296e-79,162604.0,0.4675819281365538,129,140,100,222,185,331,10,0.0002101323367653008,4.62763020847225e-05,0.0001504153739860447,0.0,0.0
LotFrontage*OpenPorchSF,247.75332181703706,1.2860775649192565e-51,44928.0,0.38370681679583474,19,76,421,221,178,335,11,0.0004697381893941391,0.0,0.00035334357653240276,0.0,0.0
LotFrontage*PoolArea,1.7204378184707563,0.18984650445416684,50544.0,0.034604561903267494,331,469,225,522,195,85,0,4.528626789824427e-06,0.0,2.8971672381682976e-07,0.0,0.0008197365
LotFrontage*ScreenPorch,20.662568151751813,5.937998698460618e-06,35200.0,0.11914115124230455,62,366,53,398,161,49,9,7.199098917905767e-05,0.0006975417036686815,6.772000631923318e-05,0.0,0.0016795531
LotFrontage*TotalBsmtSF,905.9090038006543,1.0888003934655789e-154,324870.0,0.6220854189347246,12,23,127,115,77,341,30,0.002409704405068151,0.00010733955780085745,0.0004075107568785908,0.0009275619077684283,0.0
LotFrontage*WoodDeckSF,233.78417612977753,5.218073057010824e-49,72144.0,0.3742893497538486,81,91,115,276,23,78,15,0.0005059059219020013,0.00046567046653360147,0.00025956955129189394,0.0006115165069570793,0.0012328638
LotFrontage^2,187.61435449367892,3.1723629966652692e-40,32683.0,0.3400363728261773,365,84,136,177,215,358,0,0.0009105788608500432,0.00016678752494159123,0.0005052374266079182,0.005921494059349228,0.0
LowQualFinSF,6.797211927826942,0.009224673877206033,528.0,0.06866150439730355,367,429,491,332,227,385,0,8.855238758478463e-07,0.0,2.7077301542952075e-05,0.0,0.0
LowQualFinSF*MasVnrArea,,,0.0,,371,560,251,619,197,353,0,0.0,0.0,0.0,0.0,0.0
LowQualFinSF*OpenPorchSF,1.3684651631217604,0.24227002007906087,90428.0,0.030866255168703862,375,496,133,476,199,390,0,4.047430106992569e-06,7.185825235892204e-05,3.1298742902723537e-06,0.0,0.0
LowQualFinSF*PoolArea,,,0.0,,377,666,258,658,214,394,0,0.0,0.0,0.0,0.0,0.0
LowQualFinSF*ScreenPorch,,,0.0,,343,579,267,639,235,398,0,0.0,0.0,0.0,0.0,0.0
LowQualFinSF*TotalBsmtSF,4.323222035694342,0.03777290070617536,765442.0,0.05480555805705607,267,421,325,366,236,402,0,4.088804392895445e-06,0.0,4.341512196465165e-05,0.0,0.0
LowQualFinSF*WoodDeckSF,0.0019143505886088483,0.9651071459090794,165504.0,0.0011550066849856067,360,474,435,503,239,406,0,1.8143098064728103e-05,0.0,4.0157431546340634e-06,0.0,0.0
LowQualFinSF^2,4.998880461283976,0.02551697035352587,278784.0,0.05891899068792124,609,430,334,378,245,410,0,1.7474790438986775e-05,0.0,6.528226200474214e-05,0.0,0.0
MasVnrArea,328.30227546828024,3.082739117384069e-66,1600.0,0.4314928090243048,111,237,497,273,278,381,9,0.00017450486887401334,0.0,0.00019560592578415705,0.0,0.0
MasVnrArea*OpenPorchSF,283.1889376674472,3.901867490607889e-58,129200.0,0.40597817119538304,113,111,139,241,219,380,12,0.00048071690943353505,3.269517386209358e-05,0.0002606252520555624,0.0023564841419602724,0.0
MasVnrArea*PoolArea,0.976353395804023,0.32326732988024653,95496.0,0.02607533378131499,482,520,459,526,283,178,0,1.170407344187038e-09,0.0,1.1187722071974191e-08,0.0,0.0
MasVnrArea*ScreenPorch,25.73899121687994,4.41923190355834e-07,316800.0,0.1327423340974579,216,376,363,429,276,435,1,1.3430906806415424e-05,0.0,4.93304794687326e-05,0.0,0.0
MasVnrArea*TotalBsmtSF,463.72715712127695,2.3602551161115417e-89,2659540.0,0.4941968626621387,192,177,99,264,288,437,3,0.0001653441543045885,0.00012137278745708684,0.00011851611750144513,0.0,0.0
MasVnrArea*WoodDeckSF,260.13818881822635,6.536744771154274e-54,497458.0,0.39174142800652095,135,161,401,308,260,103,9,0.0002127858599280698,0.0,0.0001506796592354285,0.0009625820147916677,0.0010622324
MasVnrArea^2,155.37773633243236,6.173468210278738e-34,2560000.0,0.3125678110153001,279,173,513,284,241,169,0,0.00011944492402656006,0.0,0.00014886909444912228,0.0,0.0
OpenPorchSF,172.16124083747874,3.1593691110548313e-37,547.0,0.32729394207820883,116,146,576,298,371,122,10,0.00016904661915737062,5.0945590849038506e-05,0.0002618960480775288,0.0,0.00027855753
OpenPorchSF*PoolArea,2.39435424270256,0.12199452144699402,174168.0,0.040813725084418884,455,576,466,602,372,566,0,0.0,0.0,1.4444489040910227e-07,0.0,0.0
OpenPorchSF*ScreenPorch,11.42275342883804,0.0007449659203254728,262560.0,0.08886643917895419,490,322,95,394,354,570,0,2.8529337408219417e-05,0.00012952471004712814,2.7683417862025633e-05,0.0,0.0
OpenPorchSF*TotalBsmtSF,342.76617265683427,8.625945651111283e-69,825970.0,0.4390982017066762,123,52,487,230,381,574,9,0.0005348746053521761,0.0,0.00031953003947281645,0.0,0.0
OpenPorchSF*WoodDeckSF,227.2738591051336,8.725062557513458e-48,155100.0,0.3697630032659251,114,99,155,251,388,578,10,0.0006294112195498966,6.476546649749637e-06,0.0002235517007773017,0.0,0.0
OpenPorchSF^2,28.897734762465518,8.89516696247655e-08,299209.0,0.14050006686145958,494,179,493,330,390,189,0,0.00020334044093261013,0.0,0.00022467451773790448,0.0,0.0
PoolArea,1.7969285361512792,0.1802964413822919,738.0,0.035364515073952225,579,507,659,588,395,533,0,3.2321030297479363e-06,0.0,0.0,0.0,0.0
PoolArea*ScreenPorch,1.08397410832931,0.29798559501389515,228360.0,0.027473850870099285,580,657,514,606,417,537,0,1.8297563249025645e-07,0.0,0.0,0.0,0.0
PoolArea*TotalBsmtSF,1.585505102114545,0.2081742871080395,722448.0,0.033221411592705134,587,546,520,515,432,196,0,1.664183433823187e-06,0.0,7.229629365535305e-07,0.0,0.0
PoolArea*WoodDeckSF,1.575469482119742,0.2096188486890926,432468.0,0.03311622116693763,574,492,527,496,425,557,0,1.4632874839777554e-06,0.0,2.7150630227752126e-06,0.0,0.0
PoolArea^2,1.8428184893806823,0.1748344037312052,544644.0,0.03581266577574761,474,473,531,492,415,198,0,2.1583656270344843e-06,0.0,8.53550195979125e-07,0.0,0.0
ScreenPorch,19.524215785041267,1.0679600347205002e-05,480.0,0.11585807849050252,322,329,337,359,441,645,0,4.670250146714683e-05,2.0947424861214347e-05,6.042563161251895e-05,0.0,0.0
ScreenPorch*TotalBsmtSF,34.472293706833376,5.363368020116197e-09,724800.0,0.1531631852809645,191,199,344,344,465,115,1,5.316964444859176e-05,0.0,9.643400577215095e-05,0.0,0.0004290702
ScreenPorch*WoodDeckSF,12.455666490802152,0.00042988534286146456,109350.0,0.0927642953995382,663,393,437,422,442,653,0,3.2023947447925027e-06,0.0,2.0751964751984845e-05,0.0,0.0
ScreenPorch^2,17.111759585992118,3.728901139823062e-05,230400.0,0.10855437062160266,644,379,152,354,463,306,0,2.5340861324701464e-05,0.0,4.061736846394303e-05,0.0,0.0
TotRmsAbvGrd,569.2393933254359,3.0790204411526994e-106,2.5784270853460756,0.5329330777548601,68,69,84,69,39,69,13,0.0008124056679730414,0.00020439771017429403,0.000916709479664914,0.0016227449836688516,0.0013337813
TotalBsmtSF,997.3822796476986,1.2022372681927008e-166,3206.0,0.6403463060045239,35,88,470,76,429,114,36,0.000796626884283341,9.183622995317672e-05,0.0005854595203467936,0.000925770712416042,0.00080460473
TotalBsmtSF*WoodDeckSF,360.29736469122884,7.402141473902634e-72,1196376.0,0.44798383794610636,106,110,469,105,517,337,7,0.0002783171564813472,0.0,0.00021514755404556562,0.00021580444909708856,0.0
TotalBsmtSF^2,869.7708817449483,7.769176829614824e-150,10278436.0,0.6143113690558755,656,46,121,93,41,345,0,0.0007636298799357935,9.369477520098735e-05,0.0005594865057680054,0.0004088857525847462,0.0
TotalSF,2948.9957829949444,0.0,6094.0,0.8201664726174532,1,2,2,2,1,5,80,0.2564322136485105,0.3006440031798476,0.07620382090072961,0.09626568289448449,0.045448154
WoodDeckSF,173.35592376017036,1.8481215897165751e-37,736.0,0.32830557817338385,122,190,380,253,483,371,7,0.00017286064038641677,4.5145971096333286e-05,0.00022642349528296388,0.0,0.0
WoodDeckSF^2,81.91733048072679,4.499412622962362e-19,541696.0,0.23238438317484034,662,167,389,286,485,374,0,0.0001374038528308729,0.0,0.00017490262877715654,0.0,0.0
